id,Username,AppName,Email,Domain,Date,Boolean,FileName,MoneyAmount,CompanyName
1,pferagh0,Cardify,dcaswill0@123-reg.co.uk,nature.com,7/27/2022,false,MalesuadaInImperdiet.gif,274.06zł,Trunyx
2,mplews1,Cardguard,rtoombs1@loc.gov,mysql.com,2/17/2022,true,Nullam.mp3,187.63zł,Skippad
3,gchristopherson2,Sonair,hpeteri2@e-recht24.de,gnu.org,8/9/2022,true,Purus.avi,762.39zł,Eayo
4,npenwright3,Mat Lam Tam,apatullo3@wikimedia.org,msn.com,8/19/2022,true,SapienPlaceratAnte.avi,530.06zł,Voomm
5,kroskilly4,Cardify,ltwelvetree4@cocolog-nifty.com,sun.com,5/10/2022,false,Pulvinar.txt,689.73zł,Skiptube
6,gradmer5,Asoka,jbeckitt5@usnews.com,washington.edu,12/16/2021,false,LigulaIn.avi,108.91zł,Skinte
7,lairey6,Tampflex,msokill6@blogger.com,npr.org,5/7/2022,true,PretiumIaculisJusto.ppt,587.36zł,Realcube
8,byashunin7,Zontrax,galenichicov7@nyu.edu,chicagotribune.com,10/17/2022,false,Pede.avi,137.76zł,Zoombox
9,mkynston8,Tempsoft,acurtin8@bloglovin.com,about.com,2/20/2022,false,MetusSapien.mpeg,289.58zł,Dabvine
10,dgarbutt9,Zamit,bkitchenman9@about.com,cafepress.com,3/13/2022,false,EuSapien.gif,704.83zł,Einti
11,pkenniona,Kanlam,mpietronia@pen.io,comcast.net,10/7/2022,true,InBlandit.mpeg,671.30zł,Quire
12,aeldredb,Alpha,pdeferrarisb@freewebs.com,bloglovin.com,8/27/2022,false,EuSapienCursus.ppt,524.47zł,Tagopia
13,landrewsc,Kanlam,swoodusc@rakuten.co.jp,scientificamerican.com,8/5/2022,false,MorbiUtOdio.png,717.73zł,Skyba
14,mmoffd,Biodex,mhoofed@nhs.uk,fc2.com,3/3/2022,false,VelPede.avi,760.92zł,Gigashots
15,rbleie,Zoolab,csheabere@forbes.com,guardian.co.uk,9/23/2022,true,LeoRhoncus.xls,369.58zł,Aivee
16,gpettecrewf,Wrapsafe,fwinsorf@furl.net,cmu.edu,4/9/2022,false,Condimentum.mpeg,233.04zł,Dynava
17,alonderg,Treeflex,eschurickeg@cdc.gov,tripod.com,7/12/2022,true,NullaAcEnim.xls,730.90zł,Eire
18,cstairmandh,Voyatouch,olivesleyh@flickr.com,dion.ne.jp,4/19/2022,true,Dolor.ppt,310.95zł,Fivechat
19,cmullini,Zamit,rlanglandsi@123-reg.co.uk,cnn.com,10/18/2022,false,NislNuncNisl.ppt,137.01zł,Flipstorm
20,acristofarij,Flowdesk,lforrestorj@webnode.com,xrea.com,1/8/2022,false,PosuereNonummyInteger.xls,025.88zł,Mita
21,anevillk,Asoka,limpyk@angelfire.com,hc360.com,5/7/2022,true,AugueVestibulumRutrum.mpeg,567.02zł,Centidel
22,kpethickl,Tampflex,jaffusol@netscape.com,jugem.jp,2/28/2022,false,FusceCongue.avi,206.93zł,Wordtune
23,eskillenm,Fintone,lknappenm@csmonitor.com,biblegateway.com,8/17/2022,true,OrciLuctusEt.avi,017.64zł,Kimia
24,nleydenn,Zaam-Dox,lnorleyn@mediafire.com,rambler.ru,2/19/2022,true,UltricesPosuereCubilia.avi,266.00zł,Zooxo
25,ahumbatcho,Lotlux,ndiggaro@google.es,canalblog.com,8/22/2022,true,AccumsanTortorQuis.xls,151.57zł,Yozio
26,koverpoolp,Zamit,acrakep@wiley.com,businessinsider.com,5/11/2022,false,DuiVelSem.jpeg,886.11zł,Meevee
27,btoolinq,Stringtough,apeddieq@ebay.co.uk,bizjournals.com,10/4/2022,true,Tortor.tiff,341.16zł,Realbuzz
28,tluxmoorer,Bitwolf,eclemittr@cpanel.net,dion.ne.jp,10/6/2022,true,PellentesqueViverraPede.tiff,984.46zł,Jabbertype
29,jblows,Solarbreeze,spinnigers@scientificamerican.com,rakuten.co.jp,1/30/2022,true,UtAt.doc,646.96zł,Tagpad
30,ttrippt,Tempsoft,esimoenst@mapy.cz,instagram.com,8/2/2022,false,PellentesqueQuisque.pdf,344.96zł,Trupe
31,adewicku,Fixflex,cgosartu@instagram.com,people.com.cn,1/25/2022,true,ProinEuMi.xls,993.49zł,Blognation
32,dcowenv,Sub-Ex,mleurenv@ovh.net,gnu.org,11/19/2021,true,CubiliaCuraeNulla.png,341.06zł,Topdrive
33,sbenzingw,Tresom,hfillgatew@usda.gov,arstechnica.com,8/8/2022,true,NibhInQuis.avi,020.45zł,Kazu
34,gdenex,Toughjoyfax,evedenisovx@altervista.org,hatena.ne.jp,10/3/2022,true,EratNulla.jpeg,690.98zł,Oyoloo
35,kderksy,Cardguard,apepally@over-blog.com,google.ru,4/26/2022,false,VestibulumAliquetUltrices.tiff,142.89zł,Wikizz
36,lhanfreyz,Domainer,tberthomieuz@wunderground.com,moonfruit.com,6/25/2022,true,EuFelis.avi,235.98zł,Yombu
37,tmcguinness10,Domainer,emannering10@tiny.cc,apple.com,12/28/2021,true,Sapien.jpeg,354.88zł,Bubblebox
38,cgallagher11,Opela,atolliday11@ft.com,walmart.com,3/31/2022,false,NibhFusce.mpeg,481.64zł,Kazu
39,jleavry12,Fintone,egrinley12@cnn.com,sun.com,1/3/2022,false,DuiProin.ppt,301.44zł,Vimbo
40,dexer13,Bitchip,agibbens13@intel.com,nytimes.com,12/4/2021,false,Pulvinar.ppt,482.61zł,Shuffletag
41,kcolnett14,Y-Solowarm,amortlock14@cpanel.net,java.com,10/25/2022,true,EtEros.jpeg,739.60zł,Linktype
42,jmoulding15,Zamit,olebell15@bbb.org,nbcnews.com,4/18/2022,true,Sit.gif,277.36zł,Twiyo
43,aaloway16,Tin,gbancroft16@craigslist.org,columbia.edu,10/25/2022,false,DolorSitAmet.avi,351.63zł,Thoughtbridge
44,dgaucher17,Hatity,sskerman17@mayoclinic.com,geocities.com,12/2/2021,true,DonecDapibus.mp3,454.25zł,Trudoo
45,kratt18,Transcof,khuggan18@tumblr.com,mapquest.com,8/17/2022,false,MattisPulvinarNulla.mpeg,953.70zł,Photolist
46,rgowdie19,Zaam-Dox,rwaterson19@gmpg.org,barnesandnoble.com,8/25/2022,true,In.xls,969.44zł,Bubbletube
47,mdomeney1a,Tresom,asonnenschein1a@reference.com,addtoany.com,7/2/2022,true,NibhQuisque.xls,236.16zł,Skyble
48,hattenborough1b,Bytecard,lcattrell1b@vk.com,storify.com,9/22/2022,false,Ullamcorper.avi,422.00zł,Camido
49,jemeney1c,Fintone,rkonzelmann1c@reddit.com,jalbum.net,9/17/2022,false,PorttitorLacus.mov,128.05zł,Zoomzone
50,wprince1d,Alphazap,riffland1d@marketwatch.com,digg.com,7/24/2022,true,VelAugueVestibulum.jpeg,393.86zł,Fivebridge
51,kivankov1e,Prodder,tfearnside1e@epa.gov,forbes.com,12/21/2021,false,Aliquet.ppt,591.80zł,Agivu
52,mshotbolt1f,Trippledex,jclowley1f@biglobe.ne.jp,java.com,10/10/2022,true,PortaVolutpatQuam.pdf,951.79zł,Jabbertype
53,kavramovitz1g,Flexidy,abachman1g@umn.edu,issuu.com,10/23/2022,true,VestibulumEget.mp3,206.96zł,Jayo
54,btitchener1h,Prodder,dlourenco1h@alexa.com,bluehost.com,12/14/2021,false,IpsumAliquam.xls,579.62zł,Divape
55,ksiemons1i,Aerified,aeck1i@pbs.org,usgs.gov,2/5/2022,false,MolestieNibhIn.tiff,673.72zł,Skippad
56,ppelling1j,Daltfresh,ecolbert1j@cargocollective.com,arstechnica.com,3/4/2022,false,SapienCum.jpeg,979.10zł,Centimia
57,apeasegod1k,Holdlamis,slivesley1k@de.vu,google.pl,11/11/2022,true,RutrumRutrumNeque.ppt,119.11zł,Skinte
58,cmayberry1l,Voltsillam,osouster1l@go.com,xing.com,6/12/2022,true,Varius.avi,993.26zł,Yodoo
59,anockles1m,Flowdesk,cwatkiss1m@fc2.com,feedburner.com,7/16/2022,true,PosuereFelis.ppt,415.87zł,Kazio
60,gdarko1n,Alpha,gyukhnov1n@wikia.com,marketwatch.com,4/22/2022,false,LuctusRutrumNulla.mpeg,066.10zł,Dynazzy
61,jdufton1o,Biodex,elebourn1o@usa.gov,latimes.com,9/8/2022,false,Consectetuer.jpeg,296.27zł,Meezzy
62,ocordero1p,Voltsillam,mballing1p@earthlink.net,constantcontact.com,9/17/2022,false,IaculisJusto.mp3,757.04zł,Babbleblab
63,cgayle1q,Solarbreeze,ptebbit1q@xing.com,123-reg.co.uk,6/23/2022,true,ImperdietNullamOrci.ppt,858.10zł,Tavu
64,rkirdsch1r,Stringtough,bscullion1r@berkeley.edu,deviantart.com,10/20/2022,false,CurabiturIn.tiff,686.43zł,Devcast
65,cplacido1s,Veribet,cmeagher1s@imgur.com,shinystat.com,4/11/2022,true,Pede.xls,958.84zł,Rhycero
66,lmelledy1t,Wrapsafe,craithbie1t@hibu.com,theglobeandmail.com,5/10/2022,false,ParturientMontes.mp3,569.56zł,Shuffletag
67,sdymoke1u,Stronghold,ctillyer1u@sphinn.com,economist.com,7/7/2022,false,RidiculusMusVivamus.xls,465.96zł,Skyndu
68,lcullinan1v,Sonair,lplank1v@noaa.gov,multiply.com,3/29/2022,false,Massa.tiff,584.43zł,Photojam
69,lmattielli1w,Flexidy,cheeks1w@bluehost.com,google.de,11/3/2022,false,NuncViverra.ppt,264.74zł,Flipstorm
70,rarmfield1x,Overhold,ablinder1x@bigcartel.com,apple.com,10/9/2022,false,DictumstAliquam.jpeg,925.56zł,Zoombox
71,nbaudinot1y,Lotlux,mlaurenz1y@ftc.gov,usda.gov,6/2/2022,true,NuncCommodoPlacerat.xls,130.55zł,Tagpad
72,mdryburgh1z,Greenlam,jkingsnorth1z@reference.com,t.co,5/31/2022,false,Nisi.xls,861.52zł,Jamia
73,ecaron20,Holdlamis,trandles20@flickr.com,samsung.com,10/22/2022,false,Orci.xls,949.97zł,Plambee
74,cgingell21,Treeflex,rchaim21@stumbleupon.com,spotify.com,9/7/2022,false,Duis.tiff,399.29zł,Tavu
75,bstennett22,Bamity,lgelardi22@indiatimes.com,addthis.com,7/25/2022,true,IntegerA.xls,563.41zł,Zoovu
76,kreap23,Veribet,ddunklee23@surveymonkey.com,wsj.com,12/20/2021,false,UtNunc.doc,720.55zł,Vipe
77,ssaggs24,Flowdesk,ojendrich24@hatena.ne.jp,weibo.com,6/30/2022,false,IdOrnare.xls,132.37zł,Edgeclub
78,mjosipovitz25,Span,pmacneil25@irs.gov,nytimes.com,4/9/2022,true,Eu.mp3,115.34zł,Photobug
79,ghowatt26,Otcom,jciccottio26@weebly.com,live.com,11/30/2021,true,PraesentBlandit.mpeg,597.87zł,Thoughtblab
80,grazzell27,Tempsoft,orennles27@xinhuanet.com,auda.org.au,12/3/2021,false,NibhLigulaNec.tiff,149.33zł,Centidel
81,jhiom28,Temp,wbeardon28@e-recht24.de,networkadvertising.org,8/9/2022,true,Nibh.xls,258.42zł,Blognation
82,asonier29,Ventosanzap,aberwick29@delicious.com,phpbb.com,3/22/2022,false,IdConsequatIn.tiff,499.76zł,Izio
83,gmcard2a,Treeflex,lhanny2a@elpais.com,g.co,10/19/2022,true,LuctusCum.xls,154.45zł,Livepath
84,plivermore2b,Gembucket,relgie2b@altervista.org,mashable.com,7/23/2022,true,Sed.tiff,301.64zł,Dynabox
85,rvinas2c,Greenlam,meallis2c@wix.com,engadget.com,3/8/2022,false,MusVivamus.ppt,116.76zł,Kimia
86,mflea2d,Sub-Ex,jfullun2d@theguardian.com,people.com.cn,9/2/2022,true,VulputateElementumNullam.ppt,450.02zł,Brainsphere
87,tlepine2e,Alpha,mvause2e@weather.com,bluehost.com,10/11/2022,false,EratNullaTempus.jpeg,298.03zł,Realcube
88,lweedon2f,Ventosanzap,skyle2f@t.co,hugedomains.com,6/10/2022,false,NibhIn.ppt,242.06zł,Topicstorm
89,ldelafeld2g,Tresom,pcervantes2g@umn.edu,mashable.com,6/4/2022,false,PurusEuMagna.txt,041.92zł,Dablist
90,hlile2h,Tampflex,bperico2h@rakuten.co.jp,umn.edu,11/13/2022,false,LaciniaNisiVenenatis.ppt,870.44zł,Tagpad
91,sjosling2i,Tin,ddanilenko2i@indiatimes.com,sourceforge.net,8/24/2022,false,EtMagnisDis.jpeg,249.10zł,Yacero
92,cscardifield2j,Tres-Zap,tlongdon2j@imageshack.us,mac.com,7/29/2022,false,Ipsum.xls,319.39zł,Yakitri
93,cfairham2k,Greenlam,gtrodden2k@wufoo.com,nature.com,8/18/2022,false,Fusce.ppt,957.78zł,Meembee
94,skeller2l,Zontrax,clinning2l@odnoklassniki.ru,live.com,12/3/2021,true,DolorSit.ppt,095.70zł,Skyvu
95,tfitzgerald2m,Fix San,nmccroary2m@mysql.com,patch.com,10/14/2022,true,DuiVel.jpeg,215.01zł,Shuffletag
96,jmorford2n,Greenlam,hofficer2n@virginia.edu,miibeian.gov.cn,2/13/2022,true,TristiqueEst.xls,138.18zł,Oyonder
97,hcabrara2o,Stringtough,mcolvin2o@i2i.jp,domainmarket.com,6/4/2022,false,Aliquam.avi,070.79zł,Topdrive
98,bwaldrum2p,Zoolab,vbloggett2p@skype.com,webeden.co.uk,5/9/2022,false,TinciduntNullaMollis.tiff,287.18zł,Flipstorm
99,smacgettigen2q,Zontrax,mblindmann2q@w3.org,spiegel.de,3/1/2022,true,Sapien.xls,458.60zł,Bubblebox
100,mgrishukov2r,Vagram,ggallone2r@dailymotion.com,netvibes.com,1/27/2022,true,Pellentesque.pdf,188.68zł,Fatz
101,dlynagh2s,Zontrax,meddisforth2s@vistaprint.com,printfriendly.com,5/7/2022,false,Sem.xls,595.00zł,Camido
102,msor2t,Treeflex,gfarbrace2t@drupal.org,google.ca,8/14/2022,true,Pede.ppt,750.31zł,Youtags
103,glongstaffe2u,Rank,dsylvaine2u@alibaba.com,theatlantic.com,6/12/2022,false,Lacus.ppt,062.82zł,Twitterbridge
104,aschurig2v,Cardguard,lepilet2v@time.com,wiley.com,8/1/2022,false,InFelisDonec.txt,910.60zł,Babbleblab
105,kwisker2w,Subin,cforge2w@yandex.ru,eepurl.com,3/30/2022,false,NequeAenean.avi,688.87zł,Abatz
106,fewdale2x,Stim,rpilipets2x@live.com,forbes.com,6/26/2022,true,Fringilla.jpeg,761.68zł,Jabbersphere
107,aautry2y,Bamity,scovino2y@wisc.edu,theguardian.com,7/2/2022,false,Sollicitudin.avi,873.88zł,Dynabox
108,jpennaman2z,Kanlam,mforty2z@merriam-webster.com,storify.com,12/26/2021,true,Ante.doc,870.39zł,Lajo
109,cbalducci30,Flexidy,mwrixon30@house.gov,de.vu,6/26/2022,true,BibendumMorbiNon.tiff,496.33zł,Trilith
110,dscoullar31,Cardguard,dwaddam31@umich.edu,huffingtonpost.com,2/1/2022,true,DuisMattis.xls,833.01zł,Yambee
111,chansie32,Job,tbelle32@moonfruit.com,virginia.edu,10/1/2022,false,Eget.xls,120.06zł,Oloo
112,wvanderlinde33,Asoka,mhacard33@techcrunch.com,omniture.com,1/30/2022,false,LacusMorbiSem.jpeg,612.83zł,Twitterlist
113,lruppele34,Toughjoyfax,cdawidowsky34@yale.edu,bluehost.com,3/26/2022,false,EleifendLuctusUltricies.avi,150.05zł,Katz
114,ngullivent35,Flexidy,goats35@apache.org,devhub.com,4/18/2022,true,Orci.ppt,493.27zł,Skinte
115,marnaldy36,Cardify,fgerard36@latimes.com,seattletimes.com,9/28/2022,false,Nec.pdf,681.41zł,Dynabox
116,pboole37,Zathin,tbunten37@smh.com.au,studiopress.com,3/7/2022,true,EtiamFaucibusCursus.pdf,253.91zł,Jaxworks
117,ssherringham38,Zaam-Dox,cashlin38@nbcnews.com,gravatar.com,9/20/2022,true,DolorQuis.mp3,083.77zł,Skinte
118,byouthed39,Treeflex,aetheredge39@ebay.co.uk,techcrunch.com,10/8/2022,false,SapienUtNunc.mov,804.27zł,Wikido
119,yglasser3a,Tin,mtoothill3a@dyndns.org,noaa.gov,2/16/2022,true,QuisqueEratEros.ppt,705.27zł,Agivu
120,bkemer3b,Keylex,ybassett3b@youtu.be,geocities.com,11/15/2021,true,CongueRisus.mpeg,206.33zł,Buzzdog
121,ntrevallion3c,Latlux,acastro3c@ca.gov,nps.gov,5/22/2022,false,NasceturRidiculusMus.tiff,438.16zł,Skyvu
122,vallden3d,Stronghold,hmacenelly3d@shinystat.com,skyrock.com,5/25/2022,true,Nulla.tiff,963.54zł,Flipopia
123,ssaywell3e,Lotlux,awarratt3e@slashdot.org,reddit.com,12/15/2021,false,IntegerAcNeque.avi,247.69zł,Mudo
124,dbernardt3f,Tampflex,cmenico3f@senate.gov,blog.com,11/11/2022,false,ErosVestibulum.avi,908.63zł,Flipopia
125,fhemmingway3g,Stringtough,tportam3g@infoseek.co.jp,nps.gov,5/6/2022,true,Nisi.ppt,842.13zł,Divanoodle
126,cfetteplace3h,Konklux,tschiesterl3h@qq.com,princeton.edu,12/9/2021,false,SedNisl.mp3,340.78zł,Zoozzy
127,acarney3i,Fixflex,bpanas3i@soundcloud.com,example.com,7/29/2022,true,Lacus.mpeg,521.79zł,Skiptube
128,htollet3j,Tempsoft,rdebenham3j@barnesandnoble.com,mit.edu,1/28/2022,true,LeoPellentesque.xls,405.48zł,Jamia
129,sfinnemore3k,Domainer,awhimper3k@ft.com,flickr.com,12/31/2021,false,Elementum.gif,298.85zł,Babblestorm
130,augoletti3l,Subin,kgreensted3l@theatlantic.com,house.gov,1/24/2022,true,EtUltrices.mp3,366.67zł,Zazio
131,jluca3m,Zaam-Dox,mfieldsend3m@dedecms.com,php.net,5/20/2022,false,MaurisSit.xls,885.61zł,Zoomzone
132,nshaylor3n,Bitchip,ddulany3n@360.cn,dailymotion.com,4/10/2022,false,QuisTurpis.jpeg,320.08zł,Skiba
133,dbricksey3o,Namfix,kconeybeare3o@opensource.org,paginegialle.it,3/24/2022,true,Est.pdf,871.04zł,Babbleopia
134,pbenedikt3p,Lotstring,gbruyet3p@cnbc.com,marriott.com,8/5/2022,false,SedLacusMorbi.mpeg,957.85zł,Mycat
135,rpooke3q,Redhold,mmbarron3q@samsung.com,springer.com,9/19/2022,true,ArcuAdipiscingMolestie.tiff,792.56zł,Brightbean
136,cwhyatt3r,Overhold,njoney3r@lulu.com,tripadvisor.com,8/14/2022,true,In.gif,769.93zł,Zava
137,lberkely3s,Pannier,dfri3s@wikispaces.com,fastcompany.com,10/12/2022,true,In.txt,078.65zł,Realbridge
138,thollingby3t,Overhold,elonghorne3t@cbslocal.com,huffingtonpost.com,4/16/2022,true,Venenatis.doc,947.12zł,Dynabox
139,elawlan3u,Toughjoyfax,qstearndale3u@clickbank.net,angelfire.com,10/10/2022,true,ConsequatMetusSapien.mp3,733.35zł,Demimbu
140,sbezley3v,It,eyeomans3v@mlb.com,about.me,5/16/2022,false,TortorIdNulla.ppt,094.66zł,Jaxworks
141,bstanistreet3w,Kanlam,aducarne3w@ucoz.com,feedburner.com,9/26/2022,false,In.mp3,694.63zł,Eimbee
142,ashurmer3x,Job,gthackston3x@wunderground.com,icq.com,2/12/2022,true,Vel.avi,089.84zł,Fivebridge
143,kmaggi3y,Voyatouch,mlowdham3y@rambler.ru,wikimedia.org,2/23/2022,true,Nulla.ppt,743.35zł,Rhybox
144,cbunworth3z,Tresom,bsparsholt3z@nature.com,usa.gov,5/28/2022,true,NuncNislDuis.ppt,612.10zł,Fiveclub
145,snewcomen40,Sub-Ex,rtomasek40@stumbleupon.com,oaic.gov.au,2/22/2022,false,Posuere.ppt,936.62zł,Twitterworks
146,jsloan41,Stronghold,hhacon41@utexas.edu,vkontakte.ru,6/14/2022,true,UltricesMattis.tiff,423.05zł,Flipopia
147,jhalbard42,Tempsoft,lhebbron42@ibm.com,bing.com,12/18/2021,false,Est.tiff,679.51zł,Browsedrive
148,mgiacomi43,It,mskellon43@nature.com,naver.com,8/24/2022,true,Ut.xls,646.09zł,Muxo
149,mmacgowing44,Transcof,mlilleman44@miibeian.gov.cn,army.mil,9/29/2022,true,Sapien.xls,853.19zł,Oyonder
150,toconnor45,Holdlamis,zdrewett45@ameblo.jp,utexas.edu,8/8/2022,false,Rhoncus.xls,287.30zł,Skiptube
151,smatokhnin46,Vagram,dblurton46@godaddy.com,google.es,4/9/2022,true,MaecenasTristique.ppt,805.68zł,Realbuzz
152,bcartwright47,Otcom,rspofford47@over-blog.com,friendfeed.com,4/8/2022,true,RidiculusMusVivamus.jpeg,300.77zł,Zoovu
153,wwrangle48,Bytecard,aromanetti48@illinois.edu,adobe.com,1/2/2022,true,EratQuisqueErat.xls,505.19zł,Dazzlesphere
154,hrizzillo49,Greenlam,gcoad49@ehow.com,omniture.com,4/19/2022,false,Orci.gif,550.32zł,Trudeo
155,gmcturlough4a,Biodex,sdolle4a@slideshare.net,miibeian.gov.cn,6/26/2022,false,TortorDuisMattis.xls,426.74zł,Fliptune
156,kkelf4b,Treeflex,aniemetz4b@deviantart.com,jiathis.com,11/26/2021,true,Placerat.mp3,224.01zł,Janyx
157,sgilbertson4c,Pannier,prottenbury4c@tinypic.com,zdnet.com,6/16/2022,false,Vel.xls,560.25zł,Zoonoodle
158,bferruzzi4d,Domainer,klawrinson4d@sfgate.com,weather.com,9/27/2022,false,Nulla.ppt,025.57zł,Skivee
159,htomankowski4e,Y-Solowarm,apaprotny4e@techcrunch.com,sphinn.com,3/22/2022,false,DictumstEtiam.gif,616.83zł,Latz
160,apauletti4f,Bitchip,smower4f@dailymotion.com,ucsd.edu,6/6/2022,false,Tempor.xls,519.55zł,Pixonyx
161,gcookley4g,Redhold,slammerich4g@1688.com,umn.edu,4/29/2022,true,VelitDonec.tiff,749.04zł,Flashdog
162,brunge4h,Y-Solowarm,igaraghan4h@unesco.org,google.it,11/13/2022,true,PurusSitAmet.mp3,894.24zł,Zoomdog
163,gimison4i,Redhold,bpithcock4i@time.com,xinhuanet.com,8/10/2022,true,AtDiamNam.doc,570.37zł,Yotz
164,tclapp4j,Stronghold,hnizet4j@unicef.org,microsoft.com,1/17/2022,false,PharetraMagnaAc.ppt,265.64zł,Mybuzz
165,rbringloe4k,Tres-Zap,cisaacs4k@bbb.org,taobao.com,5/7/2022,true,IntegerTincidunt.xls,420.60zł,Rhyzio
166,gurling4l,Sonsing,hfilov4l@smugmug.com,unblog.fr,10/20/2022,false,CursusId.mp3,136.54zł,Jabbertype
167,earmin4m,Alphazap,drouth4m@goo.ne.jp,histats.com,9/5/2022,true,HabitassePlatea.mpeg,252.23zł,Realfire
168,lsulland4n,Home Ing,ffaraker4n@usda.gov,soup.io,10/5/2022,false,In.tiff,897.91zł,Reallinks
169,acasaccia4o,Flexidy,mfayers4o@miibeian.gov.cn,globo.com,4/12/2022,true,HacHabitasse.png,740.98zł,Thoughtworks
170,dbodycote4p,Flowdesk,delia4p@indiatimes.com,photobucket.com,10/2/2022,true,Id.mpeg,099.33zł,Jayo
171,clafuente4q,Alphazap,mfriskey4q@google.co.jp,redcross.org,3/20/2022,false,AugueASuscipit.mp3,514.64zł,Youopia
172,wwyborn4r,Viva,dkynett4r@newsvine.com,tiny.cc,8/22/2022,true,Mus.gif,855.39zł,Topicblab
173,grevell4s,Bytecard,bveronique4s@nbcnews.com,vinaora.com,3/20/2022,false,Est.xls,333.31zł,Browseblab
174,rspriggin4t,Tin,gwhiterod4t@auda.org.au,myspace.com,1/4/2022,false,MaurisUllamcorper.gif,007.71zł,Livepath
175,wvanyushkin4u,Ventosanzap,mfriar4u@redcross.org,4shared.com,11/19/2021,true,DapibusDuis.xls,406.96zł,Katz
176,gbeenham4v,Otcom,bhartill4v@nsw.gov.au,un.org,12/22/2021,true,Lacus.mp3,031.01zł,Zoombox
177,kdonnell4w,Holdlamis,amullard4w@godaddy.com,latimes.com,10/11/2022,false,Nullam.png,070.68zł,Dabvine
178,smcskeagan4x,Holdlamis,cmoyles4x@mapquest.com,tiny.cc,1/15/2022,false,AtVulputate.mp3,374.18zł,Tagopia
179,aricold4y,Veribet,golivia4y@chicagotribune.com,nytimes.com,7/31/2022,true,Congue.mov,297.82zł,Yacero
180,zgreber4z,Stronghold,cdiamant4z@ehow.com,diigo.com,1/8/2022,true,UltricesLibero.avi,842.87zł,Oodoo
181,zsapsforde50,Stringtough,sromeo50@newyorker.com,vkontakte.ru,2/28/2022,true,IpsumDolorSit.pdf,099.22zł,Kanoodle
182,gcluse51,Temp,rchoat51@earthlink.net,google.pl,6/27/2022,false,AliquetUltrices.mp3,526.42zł,Buzzdog
183,jphettiplace52,Tin,afelgate52@auda.org.au,spiegel.de,5/1/2022,true,Viverra.xls,170.40zł,Feedbug
184,ngair53,Ronstring,adematteis53@chronoengine.com,odnoklassniki.ru,3/23/2022,true,LacusCurabiturAt.gif,090.24zł,Quatz
185,sleavy54,Gembucket,cstigers54@princeton.edu,freewebs.com,7/1/2022,true,AliquetPulvinar.txt,920.98zł,Ntags
186,agrelak55,Aerified,bhasker55@shareasale.com,dot.gov,11/17/2021,false,PhasellusId.gif,817.63zł,Twitterwire
187,gdrew56,Lotlux,dgedge56@businessinsider.com,hexun.com,7/10/2022,true,EstCongue.ppt,797.65zł,Brainsphere
188,dclancy57,Vagram,sboldra57@redcross.org,homestead.com,3/17/2022,false,Nisi.mp3,804.96zł,Zooxo
189,wboulsher58,Home Ing,ecookney58@techcrunch.com,infoseek.co.jp,6/23/2022,false,Pede.mpeg,441.39zł,Yakitri
190,cilles59,Keylex,bbushaway59@example.com,blogspot.com,12/17/2021,false,Tellus.txt,357.89zł,Meevee
191,choulison5a,Konklux,bkedie5a@alexa.com,clickbank.net,7/27/2022,false,AmetDiamIn.mov,020.36zł,Eayo
192,apieroni5b,Latlux,labele5b@github.io,comcast.net,3/31/2022,true,SitAmetNulla.xls,518.30zł,Zoonder
193,aclemenzo5c,Temp,dpozer5c@chron.com,npr.org,12/18/2021,false,EgetCongue.avi,909.09zł,Brainbox
194,fbarnard5d,Opela,spoter5d@disqus.com,usda.gov,12/6/2021,true,Sapien.ppt,119.13zł,Cogilith
195,vdamrell5e,Daltfresh,estearndale5e@java.com,discuz.net,11/7/2022,false,Amet.xls,860.72zł,Jaxspan
196,cnorquay5f,Duobam,fmortimer5f@washingtonpost.com,msu.edu,2/12/2022,false,VariusUt.ppt,588.08zł,Jetpulse
197,akeegan5g,Veribet,wmetrick5g@msn.com,blog.com,6/22/2022,false,InCongueEtiam.tiff,015.57zł,Gigabox
198,mgluyas5h,Konklux,fjerred5h@pinterest.com,com.com,6/6/2022,false,Tincidunt.tiff,573.61zł,Layo
199,drakes5i,Zamit,malvarado5i@de.vu,behance.net,9/25/2022,false,Quam.jpeg,523.37zł,Eayo
200,cbrazenor5j,Voltsillam,rcassey5j@hc360.com,independent.co.uk,1/9/2022,false,Odio.jpeg,198.29zł,Gigaclub
201,shasselby5k,Lotlux,hgillet5k@columbia.edu,flavors.me,12/12/2021,true,MaecenasTinciduntLacus.ppt,115.15zł,Shufflester
202,bastie5l,Tempsoft,dchark5l@craigslist.org,spiegel.de,8/17/2022,true,MalesuadaIn.ppt,255.27zł,Skilith
203,lratter5m,Sonsing,jstainbridge5m@disqus.com,eepurl.com,7/7/2022,false,MorbiQuis.avi,393.49zł,Vitz
204,fwheadon5n,Tin,gcorkill5n@webs.com,pbs.org,1/31/2022,false,Id.tiff,014.87zł,Gabtype
205,lping5o,Konklux,gvell5o@free.fr,psu.edu,7/28/2022,true,MetusVitae.gif,964.50zł,Snaptags
206,sbattram5p,Zontrax,nlongega5p@addthis.com,imdb.com,9/13/2022,false,Dolor.tiff,109.27zł,Brainsphere
207,lcorstorphine5q,Treeflex,ggoldsbury5q@hud.gov,cisco.com,11/30/2021,true,TinciduntEgetTempus.avi,899.89zł,Zoozzy
208,obrumham5r,Domainer,csponton5r@europa.eu,altervista.org,9/16/2022,true,AmetLobortisSapien.jpeg,149.79zł,Vinder
209,akemery5s,Bamity,farnout5s@wikipedia.org,barnesandnoble.com,2/1/2022,true,Sit.doc,209.71zł,Skynoodle
210,bcrippill5t,Namfix,dcantillon5t@intel.com,tripadvisor.com,6/21/2022,false,Nec.ppt,157.23zł,Feedmix
211,abernlin5u,Duobam,rtodor5u@hexun.com,mashable.com,2/17/2022,false,UtErat.gif,424.40zł,Vinte
212,mknipe5v,Tresom,mblackbrough5v@home.pl,businessinsider.com,12/30/2021,false,MattisOdio.jpeg,498.20zł,Devpoint
213,wfranchi5w,Viva,fsummerton5w@washingtonpost.com,ucsd.edu,6/2/2022,false,In.avi,321.45zł,Tagfeed
214,rkalker5x,Prodder,cgrayley5x@diigo.com,apple.com,9/30/2022,true,PharetraMagna.mp3,242.07zł,Trupe
215,hjeannenet5y,Namfix,tfaichney5y@microsoft.com,slashdot.org,9/4/2022,false,VulputateElementumNullam.xls,435.69zł,Jabbercube
216,bbrito5z,Asoka,dlegge5z@xing.com,t-online.de,6/18/2022,true,Risus.png,294.29zł,Tanoodle
217,pvella60,Temp,jiacomelli60@noaa.gov,nature.com,10/18/2022,false,AugueVestibulumAnte.mp3,256.64zł,Kwinu
218,bkik61,Otcom,tkingswold61@livejournal.com,mail.ru,6/9/2022,false,PorttitorPedeJusto.tiff,268.86zł,Ozu
219,nallbrook62,Opela,vdonaghy62@merriam-webster.com,dmoz.org,5/1/2022,false,Fringilla.pdf,770.19zł,Bluezoom
220,fseleway63,Opela,smaytum63@tiny.cc,salon.com,4/4/2022,false,SitAmet.xls,097.74zł,Twitterworks
221,doxer64,Duobam,abraniff64@biblegateway.com,yellowpages.com,4/19/2022,true,JustoMorbiUt.xls,208.20zł,Flashdog
222,vdepper65,Tempsoft,lpickworth65@whitehouse.gov,thetimes.co.uk,2/10/2022,false,TristiqueEstEt.avi,608.28zł,Blogpad
223,phartwell66,Treeflex,ewentworth66@google.com.au,weibo.com,3/23/2022,true,DuisConsequatDui.mp3,907.43zł,Blogtags
224,sleatherbarrow67,Tempsoft,ebelderfield67@clickbank.net,discuz.net,7/8/2022,true,Sapien.xls,579.60zł,Jaloo
225,flehrmann68,Konklux,rconey68@eventbrite.com,blogtalkradio.com,10/27/2022,true,TempusSitAmet.xls,537.50zł,Vinder
226,gbendan69,Regrant,cburnage69@amazon.co.jp,theguardian.com,10/15/2022,true,Luctus.mp3,112.92zł,Npath
227,hharragin6a,Kanlam,dkilmartin6a@bandcamp.com,pen.io,1/1/2022,true,FelisUt.doc,962.25zł,Jabberstorm
228,ohanratty6b,Voyatouch,vnuccii6b@vk.com,sun.com,7/14/2022,false,CongueVivamus.mov,349.25zł,Tazz
229,ldobbing6c,Otcom,lhexum6c@bing.com,unc.edu,6/4/2022,true,VestibulumAcEst.gif,894.14zł,Tagchat
230,dpriscott6d,Subin,hmazzia6d@marketwatch.com,mozilla.com,11/15/2021,true,Cursus.mov,269.37zł,Gabvine
231,csimnett6e,Otcom,lknowller6e@tamu.edu,pagesperso-orange.fr,1/31/2022,true,Augue.jpeg,264.15zł,Plajo
232,fboyington6f,Cookley,mlabba6f@youtu.be,columbia.edu,3/9/2022,false,ViverraEget.ppt,490.66zł,Eayo
233,grobke6g,Holdlamis,dbenoy6g@blogger.com,51.la,9/29/2022,true,EgestasMetus.avi,304.06zł,Skinte
234,gmargetson6h,Keylex,atejada6h@webs.com,blogs.com,8/10/2022,true,AdipiscingLorem.avi,207.90zł,Teklist
235,vcescotti6i,Lotstring,bgazey6i@newsvine.com,edublogs.org,1/14/2022,false,MagnaVestibulum.avi,233.49zł,Jabbersphere
236,cbrookson6j,Veribet,vgonnel6j@umn.edu,paypal.com,10/24/2022,false,ConsequatMorbiA.gif,292.67zł,Realbridge
237,gmatyukon6k,Wrapsafe,bstandidge6k@thetimes.co.uk,dailymotion.com,2/9/2022,true,SapienSapien.ppt,997.88zł,Edgewire
238,otristram6l,Subin,ghedgeley6l@mysql.com,va.gov,3/26/2022,false,Dui.mp3,487.53zł,Twitternation
239,barlett6m,Alpha,lhauck6m@multiply.com,illinois.edu,5/15/2022,true,Integer.avi,614.67zł,Skyba
240,kdeare6n,Bitwolf,coscollain6n@princeton.edu,cocolog-nifty.com,9/18/2022,false,NequeDuis.ppt,132.02zł,Voomm
241,vfust6o,Tin,jfosher6o@zdnet.com,pen.io,5/4/2022,true,LeoOdioCondimentum.txt,318.13zł,Feedbug
242,kskates6p,Stringtough,rcarmen6p@amazon.co.uk,newyorker.com,5/9/2022,true,Aenean.mp3,919.40zł,Oyoba
243,rpaterson6q,Konklux,ameier6q@dropbox.com,huffingtonpost.com,2/25/2022,false,AcLeo.ppt,790.51zł,Mybuzz
244,abrouwer6r,Veribet,ldessant6r@trellian.com,domainmarket.com,9/12/2022,false,CursusUrna.pdf,781.09zł,Lazzy
245,shagerty6s,Stringtough,vcotmore6s@godaddy.com,about.me,3/23/2022,false,NullaUltricesAliquet.avi,092.53zł,Tambee
246,dbotly6t,Gembucket,esiderfin6t@berkeley.edu,yolasite.com,5/14/2022,true,EgestasMetusAenean.avi,814.36zł,Brainverse
247,tonion6u,Veribet,lstooke6u@issuu.com,zdnet.com,3/15/2022,false,NislDuis.mp3,287.14zł,Voonder
248,hedge6v,Tin,asonger6v@seattletimes.com,google.com,12/11/2021,false,QuisOdio.mp3,238.83zł,Tagopia
249,adries6w,Tresom,nwrey6w@seesaa.net,intel.com,12/17/2021,false,FaucibusCursusUrna.ppt,300.08zł,Agimba
250,wparren6x,Y-find,sheinreich6x@smugmug.com,mozilla.org,8/27/2022,false,DictumstAliquamAugue.tiff,976.96zł,Babblestorm
251,manyon6y,Namfix,bsibyllina6y@github.io,live.com,9/17/2022,true,Orci.tiff,988.42zł,Browsebug
252,socoskerry6z,Konklux,mstrain6z@ucla.edu,indiatimes.com,3/28/2022,true,Justo.mp3,108.02zł,Quinu
253,jllorente70,It,lmartello70@microsoft.com,xrea.com,9/11/2022,true,Ante.tiff,334.27zł,Centimia
254,lbuckleigh71,Alpha,kphelps71@admin.ch,ft.com,9/5/2022,false,LiberoNamDui.txt,017.09zł,Realcube
255,wdidomenico72,Tampflex,gcaddy72@qq.com,hostgator.com,10/28/2022,false,NequeVestibulum.tiff,622.62zł,Rhyzio
256,lmccarron73,Namfix,cjaukovic73@nsw.gov.au,free.fr,12/4/2021,true,Laoreet.xls,526.34zł,Skynoodle
257,zyewdell74,Cookley,lfrancescuccio74@example.com,lycos.com,2/21/2022,false,NullaSuscipit.ppt,238.37zł,Youopia
258,clarmour75,Bamity,beagar75@artisteer.com,ft.com,1/30/2022,false,LobortisEstPhasellus.pdf,073.55zł,Camido
259,jwolland76,Zontrax,mhexum76@newyorker.com,google.de,2/26/2022,false,IpsumPrimisIn.jpeg,159.77zł,Wordtune
260,kwardell77,Temp,fdivine77@shutterfly.com,bigcartel.com,5/19/2022,false,MassaQuis.txt,678.95zł,Jaxbean
261,bkerne78,Bytecard,hmcanalley78@house.gov,chron.com,10/9/2022,false,Dis.tiff,910.41zł,Meevee
262,ovinton79,Job,kmatsell79@admin.ch,g.co,5/2/2022,false,Diam.xls,459.51zł,Dynava
263,wstleger7a,Zoolab,vruhben7a@dyndns.org,independent.co.uk,12/21/2021,true,Justo.ppt,827.98zł,Jamia
264,ifee7b,Redhold,apasquale7b@google.com.br,joomla.org,5/9/2022,true,EuFelisFusce.avi,038.11zł,Lazzy
265,jwoolatt7c,Transcof,bgreenhalf7c@apple.com,dailymail.co.uk,1/2/2022,true,Risus.xls,275.52zł,Meetz
266,dcettell7d,Prodder,cstruther7d@hud.gov,live.com,7/10/2022,true,TempusVel.avi,585.74zł,Tekfly
267,tbeardon7e,Keylex,kleare7e@diigo.com,businessinsider.com,4/11/2022,false,SapienCum.pdf,656.78zł,Meevee
268,abiggin7f,Bitwolf,dalfonzo7f@hhs.gov,wp.com,6/14/2022,true,Pede.avi,270.52zł,Tagcat
269,dhammerich7g,Lotlux,fmcaneny7g@clickbank.net,yale.edu,9/28/2022,true,ConvallisNulla.mp3,369.06zł,Fatz
270,aperrin7h,Stringtough,mwrixon7h@mapy.cz,craigslist.org,12/19/2021,true,PedeAcDiam.jpeg,764.08zł,Dabtype
271,bbalaam7i,Vagram,ebiermatowicz7i@amazon.co.uk,mapquest.com,6/10/2022,false,AtNuncCommodo.ppt,766.75zł,Vimbo
272,mmatijasevic7j,Sub-Ex,cbenedettini7j@seattletimes.com,eepurl.com,9/19/2022,false,SitAmetEleifend.avi,682.08zł,Babblestorm
273,clicas7k,Gembucket,roneile7k@sbwire.com,flickr.com,9/1/2022,false,OrciMaurisLacinia.xls,157.91zł,Voolith
274,ttumilty7l,Opela,owray7l@google.de,alibaba.com,5/22/2022,true,VenenatisTristique.gif,609.17zł,Browsecat
275,nbroomer7m,Job,mmarryatt7m@addtoany.com,army.mil,12/5/2021,false,NullaAc.avi,473.52zł,Skibox
276,pczajkowska7n,Wrapsafe,fhubberstey7n@cisco.com,sciencedirect.com,5/16/2022,true,AnteIpsum.gif,936.93zł,Oozz
277,lstarkey7o,Alphazap,bscarse7o@hao123.com,admin.ch,12/4/2021,true,Eleifend.tiff,378.74zł,Eadel
278,ecrasswell7p,Alpha,callonby7p@nba.com,furl.net,4/22/2022,false,Ut.avi,705.10zł,Fivebridge
279,flawty7q,Holdlamis,treston7q@timesonline.co.uk,economist.com,6/25/2022,false,Sapien.avi,671.79zł,Demimbu
280,mpaulley7r,Konklab,uwalster7r@ameblo.jp,networksolutions.com,11/14/2021,true,DonecUt.tiff,331.31zł,Kwinu
281,bchessel7s,Redhold,dcaldero7s@npr.org,yahoo.co.jp,9/2/2022,true,Magna.avi,023.53zł,LiveZ
282,akemet7t,Ventosanzap,lcolby7t@businessinsider.com,drupal.org,6/25/2022,false,AmetDiam.avi,232.97zł,Talane
283,ngrayer7u,Tempsoft,jargo7u@clickbank.net,123-reg.co.uk,5/7/2022,true,Nisl.jpeg,565.80zł,Buzzdog
284,mamery7v,Cardify,deric7v@de.vu,bing.com,4/26/2022,true,LuctusEt.avi,251.91zł,Eayo
285,rklugel7w,Holdlamis,mharold7w@fc2.com,nationalgeographic.com,10/14/2022,false,Tortor.tiff,017.08zł,Aibox
286,latherton7x,Mat Lam Tam,dcantero7x@earthlink.net,sohu.com,10/30/2022,true,Est.jpeg,651.59zł,Linkbuzz
287,asuttling7y,Pannier,mdrought7y@skyrock.com,google.pl,1/11/2022,false,AtNibh.mov,754.50zł,Wordify
288,vgiampietro7z,Flowdesk,clemm7z@pinterest.com,webs.com,6/8/2022,false,Leo.jpeg,910.11zł,Avamba
289,gyakunkin80,Daltfresh,smepham80@hhs.gov,about.com,7/10/2022,true,LacusCurabiturAt.mpeg,232.84zł,Skippad
290,blarn81,Zoolab,lvelez81@bizjournals.com,telegraph.co.uk,6/28/2022,true,TempusVelPede.png,516.12zł,Skivee
291,ffullick82,Hatity,emouatt82@surveymonkey.com,nih.gov,10/26/2022,false,In.avi,276.49zł,Minyx
292,cthaine83,Tresom,jmollatt83@ask.com,sun.com,2/9/2022,false,VestibulumEgetVulputate.mp3,160.29zł,Mycat
293,alibero84,Namfix,rwoollcott84@ucoz.ru,elegantthemes.com,5/3/2022,true,SitAmetDiam.gif,675.03zł,Skimia
294,bdeblasi85,It,cellson85@mac.com,indiegogo.com,2/27/2022,false,InQuisJusto.xls,193.01zł,Mybuzz
295,ejeffcock86,Job,dterris86@narod.ru,sphinn.com,9/24/2022,false,DapibusAt.xls,380.31zł,Realcube
296,rsporle87,Treeflex,edainton87@acquirethisname.com,w3.org,6/3/2022,false,InLibero.pdf,038.92zł,Reallinks
297,vmetzke88,Greenlam,fseckington88@washingtonpost.com,businessweek.com,7/20/2022,false,Diam.png,457.17zł,Rooxo
298,lpietrasik89,Flowdesk,klay89@istockphoto.com,desdev.cn,5/18/2022,false,EleifendQuam.xls,979.43zł,Eamia
299,opeacock8a,Solarbreeze,ahaddon8a@addthis.com,aboutads.info,3/18/2022,true,InCongueEtiam.avi,673.12zł,Buzzshare
300,searley8b,Otcom,dmcgrann8b@engadget.com,blogs.com,8/13/2022,false,NasceturRidiculusMus.jpeg,089.75zł,Divavu
301,drisdall8c,Aerified,estorr8c@amazonaws.com,sitemeter.com,12/30/2021,true,AmetEleifend.doc,166.47zł,Realcube
302,mbelliveau8d,Pannier,deastcourt8d@devhub.com,sina.com.cn,3/8/2022,false,ViverraEget.xls,224.11zł,Jabbertype
303,ovasyutkin8e,Konklux,tforesight8e@altervista.org,skype.com,3/28/2022,false,Nunc.mov,837.92zł,Meevee
304,ktreby8f,Greenlam,egoby8f@noaa.gov,squidoo.com,7/12/2022,false,VulputateJustoIn.avi,967.81zł,Jazzy
305,rstanyan8g,Lotlux,iduell8g@jugem.jp,taobao.com,9/28/2022,false,InCongue.mov,262.96zł,Twitterworks
306,mparratt8h,Wrapsafe,eloxston8h@infoseek.co.jp,comcast.net,3/11/2022,false,Vitae.xls,945.33zł,Skiptube
307,cingall8i,Wrapsafe,kvink8i@nasa.gov,baidu.com,1/17/2022,true,VelNullaEget.mp3,537.26zł,Gigashots
308,upruckner8j,Cardguard,ccheine8j@yahoo.co.jp,abc.net.au,6/9/2022,false,ParturientMontesNascetur.xls,500.23zł,Skivee
309,frecher8k,Pannier,hskelcher8k@sohu.com,fastcompany.com,6/19/2022,true,Nulla.tiff,259.31zł,Jatri
310,ccapozzi8l,Span,dgarriock8l@topsy.com,un.org,1/11/2022,true,InHacHabitasse.xls,012.68zł,Plajo
311,aodonnelly8m,Aerified,pscriven8m@pen.io,hexun.com,6/28/2022,true,EnimLeoRhoncus.jpeg,931.57zł,Centizu
312,rshillam8n,Kanlam,kflorio8n@blogs.com,about.com,5/23/2022,true,MetusSapienUt.jpeg,333.12zł,Tazz
313,ecraigs8o,Mat Lam Tam,sbeacham8o@reddit.com,digg.com,10/25/2022,true,UltricesPosuere.xls,002.38zł,Eadel
314,frehor8p,Treeflex,mpickavance8p@tamu.edu,51.la,6/18/2022,true,LaciniaEgetTincidunt.ppt,925.94zł,Eamia
315,tclarage8q,Veribet,cwalesa8q@salon.com,wiley.com,6/22/2022,true,SemperInterdum.ppt,070.08zł,Bubblemix
316,bfoulser8r,Latlux,dhradsky8r@china.com.cn,xing.com,1/11/2022,false,Ipsum.doc,126.83zł,Rhynyx
317,dsokill8s,Holdlamis,hlinwood8s@twitter.com,deviantart.com,8/20/2022,false,FelisUtAt.mov,210.30zł,Dabvine
318,shalfhead8t,Fintone,hhazleton8t@ucsd.edu,sohu.com,12/9/2021,true,Quisque.mp3,115.58zł,Realfire
319,pharg8u,Veribet,sfellibrand8u@bing.com,europa.eu,12/18/2021,false,InPurus.avi,993.66zł,Twitterbridge
320,bsmorfit8v,Flexidy,imcdarmid8v@yandex.ru,goo.gl,4/15/2022,true,Sed.avi,439.64zł,JumpXS
321,wgudgion8w,Subin,nclampin8w@wunderground.com,angelfire.com,12/11/2021,false,Id.mp3,454.80zł,DabZ
322,lcarbine8x,It,fshird8x@canalblog.com,mlb.com,11/11/2022,false,Justo.avi,868.42zł,Tagtune
323,rhennington8y,Konklab,jmackness8y@mediafire.com,adobe.com,8/10/2022,true,Mauris.xls,633.87zł,Pixope
324,rpires8z,Sonsing,ngudahy8z@tmall.com,ibm.com,5/27/2022,true,PretiumQuis.jpeg,932.22zł,Fanoodle
325,gcogle90,Hatity,ebellenger90@creativecommons.org,dyndns.org,11/7/2022,false,AmetNuncViverra.mp3,773.79zł,Skimia
326,aidell91,Bigtax,ldinwoodie91@mashable.com,storify.com,10/8/2022,false,JustoSollicitudin.tiff,314.82zł,Ntags
327,cleadstone92,Tampflex,ddorbon92@aol.com,vkontakte.ru,5/10/2022,false,Luctus.avi,119.77zł,Rhyzio
328,mdeyes93,Fix San,tghelardi93@facebook.com,cyberchimps.com,8/31/2022,false,SagittisDuiVel.mp3,759.41zł,Yacero
329,dkillbey94,Zontrax,mmagnus94@tinyurl.com,infoseek.co.jp,4/26/2022,false,DictumstMaecenasUt.png,085.11zł,Oyoloo
330,aoury95,Greenlam,kregina95@webeden.co.uk,wikipedia.org,11/22/2021,false,Vestibulum.ppt,238.78zł,Skinte
331,kskippon96,Keylex,ggahagan96@npr.org,sun.com,2/28/2022,true,Luctus.xls,425.45zł,Skaboo
332,friglar97,Pannier,oalldread97@hc360.com,ted.com,6/16/2022,false,GravidaNisiAt.xls,536.20zł,Twitterbridge
333,bswaile98,Daltfresh,ssamsin98@cbsnews.com,amazon.co.jp,4/6/2022,false,AcNullaSed.mp3,937.55zł,Wikido
334,schaters99,Rank,mfairnie99@mayoclinic.com,webs.com,6/24/2022,false,Tristique.mp3,783.83zł,Topicblab
335,krive9a,Veribet,kcockson9a@icq.com,irs.gov,1/23/2022,false,NisiVulputate.ppt,968.77zł,Livetube
336,ccarr9b,Lotlux,parmstead9b@google.es,wikimedia.org,7/22/2022,true,SedVel.mpeg,800.03zł,Topdrive
337,akeattch9c,Span,hbloan9c@chronoengine.com,dropbox.com,8/31/2022,false,Nulla.doc,310.37zł,Thoughtsphere
338,rgilberthorpe9d,Matsoft,atarply9d@china.com.cn,hugedomains.com,2/22/2022,false,In.jpeg,855.97zł,Photofeed
339,mtownrow9e,Trippledex,ltezure9e@mail.ru,plala.or.jp,10/12/2022,true,InFaucibus.avi,328.05zł,Jabberstorm
340,keberts9f,Span,vdrakes9f@chicagotribune.com,berkeley.edu,3/1/2022,true,DuisBibendum.gif,308.10zł,JumpXS
341,cternault9g,Zaam-Dox,tbrou9g@istockphoto.com,w3.org,8/21/2022,false,UtBlanditNon.jpeg,702.66zł,Wikizz
342,smayze9h,Tin,gbrumpton9h@redcross.org,sogou.com,2/1/2022,true,JustoSit.png,373.08zł,Meeveo
343,sboggon9i,Greenlam,spaulack9i@uiuc.edu,4shared.com,4/8/2022,false,SapienCursus.ppt,103.39zł,Pixope
344,pstoppe9j,Stim,bblance9j@github.com,dot.gov,4/18/2022,true,LobortisConvallis.avi,547.83zł,Vitz
345,gdaber9k,Flowdesk,nsauvage9k@uol.com.br,icq.com,6/15/2022,false,NullaNeque.ppt,686.08zł,Kazu
346,kaickin9l,Bytecard,rfairpo9l@answers.com,printfriendly.com,2/20/2022,true,Mi.gif,683.49zł,Skaboo
347,dbenettolo9m,Bigtax,ghurler9m@berkeley.edu,jiathis.com,8/17/2022,true,EgetCongue.avi,422.43zł,Quinu
348,pfunnell9n,Subin,ametzel9n@ebay.com,mlb.com,10/6/2022,true,EtUltrices.xls,256.19zł,Aimbo
349,jhalling9o,Stim,kgreyes9o@xrea.com,telegraph.co.uk,8/22/2022,false,CuraeDuis.xls,507.83zł,Youopia
350,wroseaman9p,Konklab,asneesbie9p@dot.gov,mayoclinic.com,11/27/2021,true,Bibendum.mpeg,839.64zł,Avaveo
351,kkeogh9q,Cardguard,gpoppleton9q@imdb.com,blinklist.com,9/28/2022,true,LacusAt.png,119.45zł,Plajo
352,llacy9r,Alphazap,cwinslett9r@miibeian.gov.cn,posterous.com,11/23/2021,true,DiamIn.ppt,351.14zł,Photobean
353,tkerslake9s,Konklab,aamis9s@bizjournals.com,scientificamerican.com,8/1/2022,true,QuamTurpisAdipiscing.jpeg,298.23zł,Demizz
354,lcurwen9t,Konklux,mpashe9t@walmart.com,chronoengine.com,11/14/2021,true,LoremIdLigula.txt,041.33zł,Layo
355,mcrossfeld9u,Greenlam,twheaton9u@unblog.fr,patch.com,6/1/2022,false,DignissimVestibulum.doc,871.65zł,Wikizz
356,alackner9v,Tampflex,lharesign9v@sitemeter.com,bizjournals.com,7/20/2022,false,VelAccumsan.avi,406.26zł,Vipe
357,bgillard9w,Zathin,bnovakovic9w@howstuffworks.com,spotify.com,3/3/2022,true,IdJustoSit.tiff,105.45zł,Bubblemix
358,nmaw9x,Domainer,atigner9x@ebay.co.uk,unc.edu,8/6/2022,true,VestibulumAnte.mov,204.23zł,Vinder
359,alieber9y,Veribet,fbuglass9y@infoseek.co.jp,aol.com,6/8/2022,true,VelitVivamusVel.mpeg,499.11zł,Brainbox
360,jwhimp9z,Trippledex,jrenshell9z@house.gov,artisteer.com,3/31/2022,true,InFelisDonec.mov,942.69zł,Vimbo
361,jsackeya0,Span,kdimitriadesa0@wufoo.com,instagram.com,4/6/2022,true,VestibulumAnteIpsum.tiff,142.29zł,Livepath
362,scoggona1,Ventosanzap,lebdina1@sun.com,feedburner.com,6/13/2022,false,NequeAeneanAuctor.ppt,688.80zł,Voomm
363,lpomphretta2,Veribet,cdymonda2@go.com,qq.com,2/6/2022,true,Vestibulum.avi,679.09zł,Voomm
364,dmaclardiea3,Voyatouch,oshepstonea3@instagram.com,wsj.com,9/3/2022,true,PellentesqueAt.mp3,045.26zł,Brightbean
365,ebarocka4,Kanlam,tjardina4@ning.com,skyrock.com,8/26/2022,true,Ante.doc,825.74zł,Wordpedia
366,glearmontha5,Stronghold,rhawlgartha5@shop-pro.jp,youtu.be,2/1/2022,false,VelitIdPretium.mp3,739.08zł,Avavee
367,ncampellia6,Duobam,lsymea6@free.fr,ucla.edu,8/16/2022,false,DonecUt.gif,252.45zł,Digitube
368,caddicotta7,Andalax,parnoulta7@wired.com,constantcontact.com,6/1/2022,false,Vulputate.jpeg,880.77zł,Tazzy
369,dmacginlaya8,Overhold,awicka8@vk.com,prweb.com,7/20/2022,true,NecCondimentum.mp3,687.02zł,Meejo
370,cboziera9,Alphazap,bshreevea9@chicagotribune.com,ftc.gov,6/15/2022,false,NamDui.avi,857.52zł,Mycat
371,awanklynaa,Hatity,tgyrgorwicxaa@dot.gov,narod.ru,7/14/2022,true,ErosVestibulumAc.tiff,927.41zł,Vinte
372,ltedorenkoab,Stim,ndelosab@1688.com,booking.com,5/9/2022,true,UtMaurisEget.pdf,198.93zł,Yodoo
373,bbigglestoneac,Stim,acrawshawac@unicef.org,wordpress.org,4/2/2022,false,AnteIpsumPrimis.mpeg,845.73zł,Yodel
374,ebowmanad,Trippledex,lallnerad@com.com,arizona.edu,6/13/2022,true,InFaucibus.avi,983.64zł,Devify
375,tmcandrewae,Flexidy,nruddimanae@surveymonkey.com,cmu.edu,1/25/2022,true,Eros.tiff,194.71zł,Buzzdog
376,amortonaf,Matsoft,lscramageaf@google.fr,archive.org,5/2/2022,false,MaecenasPulvinarLobortis.tiff,990.90zł,Blognation
377,growthorneag,Tampflex,bkattenhornag@wufoo.com,jiathis.com,5/15/2022,false,VenenatisTurpis.png,632.02zł,Meeveo
378,gdeweyah,Zoolab,tmeadsah@homestead.com,vistaprint.com,8/5/2022,false,MagnaVestibulum.mp3,702.31zł,Jazzy
379,bpumphreysai,Latlux,bcomolettiai@amazon.de,hubpages.com,8/30/2022,false,DonecQuis.avi,685.41zł,Rhyloo
380,dgarlicaj,Zaam-Dox,jtillettaj@imgur.com,irs.gov,10/15/2022,false,AliquamConvallis.avi,895.26zł,Flipbug
381,bkimbleyak,Regrant,epontinak@techcrunch.com,discovery.com,11/21/2021,true,DonecDapibus.avi,262.92zł,Brainsphere
382,jbambroughal,Treeflex,bslimonal@yellowpages.com,yale.edu,10/10/2022,false,A.ppt,521.00zł,Demimbu
383,kkaindlam,Span,owartonam@nsw.gov.au,howstuffworks.com,8/30/2022,false,Lacus.tiff,761.63zł,Miboo
384,mgrigollian,Bitchip,vmcmichaelan@scientificamerican.com,stanford.edu,4/11/2022,true,EtUltrices.mp3,870.72zł,Quire
385,bburnittao,Lotlux,mbriknerao@flickr.com,netlog.com,8/10/2022,false,AliquamSitAmet.xls,440.84zł,Dabfeed
386,cpockeap,Ronstring,syanneap@miibeian.gov.cn,wikispaces.com,1/24/2022,false,In.mp3,023.50zł,Quatz
387,stwentymanaq,Opela,aantoszczykaq@over-blog.com,census.gov,8/15/2022,true,TurpisAdipiscingLorem.mp3,084.12zł,Yakitri
388,fdykinsar,Fintone,cvillagear@studiopress.com,foxnews.com,8/15/2022,true,InterdumMaurisNon.mov,498.78zł,Zoomlounge
389,cdukesas,Regrant,jworkas@youtu.be,ezinearticles.com,12/18/2021,true,TellusSemperInterdum.xls,732.91zł,Browseblab
390,etrayhornat,Greenlam,aferreliat@purevolume.com,msn.com,12/14/2021,true,IdNislVenenatis.mp3,474.66zł,Abatz
391,adoyleyau,Aerified,kzannotelliau@gravatar.com,cloudflare.com,7/12/2022,false,SitAmet.png,915.81zł,Quimm
392,jmayburyav,Andalax,gagateav@linkedin.com,soundcloud.com,9/2/2022,true,Duis.pdf,568.55zł,Rhynoodle
393,enyeaw,Quo Lux,jbutterfintaw@state.tx.us,cbslocal.com,4/1/2022,false,SociisNatoquePenatibus.avi,001.95zł,Yambee
394,twaceax,Zamit,tdibnerax@mlb.com,alexa.com,2/8/2022,false,CuraeMaurisViverra.avi,535.56zł,Topiclounge
395,jflugeray,Konklux,acranhamay@psu.edu,fc2.com,4/18/2022,false,MorbiAIpsum.xls,003.39zł,Aimbu
396,dknibleyaz,Bitwolf,kcockhillaz@si.edu,ed.gov,8/19/2022,true,Amet.tiff,621.31zł,Dabshots
397,mambroschb0,Opela,chumeb0@bravesites.com,ning.com,4/15/2022,false,PosuereFelisSed.xls,844.65zł,Photospace
398,obrockingb1,Ronstring,ugaddieb1@wsj.com,blogger.com,3/10/2022,true,UtBlandit.xls,693.54zł,Fadeo
399,trunhamb2,Vagram,ctrevarthenb2@usnews.com,bravesites.com,7/10/2022,true,Enim.mp3,774.99zł,Tazzy
400,fpencostb3,Namfix,ecovellb3@mail.ru,ebay.co.uk,9/24/2022,false,Nisl.pdf,612.56zł,Avaveo
401,mpettkob4,Tempsoft,gmcgraffinb4@123-reg.co.uk,senate.gov,5/26/2022,false,TempusVivamus.jpeg,119.48zł,Pixoboo
402,amacgraghb5,Zoolab,cdrinkelb5@opensource.org,mtv.com,10/30/2022,true,ProinInterdum.doc,054.11zł,Einti
403,tortzenb6,Andalax,ekuhndelb6@unicef.org,rambler.ru,1/22/2022,false,AliquamNon.ppt,301.33zł,Zooveo
404,rproswellb7,Daltfresh,sbattyb7@paypal.com,spiegel.de,12/6/2021,false,AtNibhIn.mp3,531.72zł,Linkbuzz
405,joxburghb8,Toughjoyfax,ekerib8@myspace.com,unicef.org,7/29/2022,false,VelNisl.jpeg,058.58zł,Youfeed
406,welvishb9,Stim,dkinkaidb9@1und1.de,arizona.edu,5/6/2022,false,NecNisiVulputate.mp3,214.75zł,Meembee
407,mmerrellba,Subin,smcgiffinba@washingtonpost.com,jugem.jp,7/27/2022,false,TinciduntEuFelis.jpeg,602.63zł,Zoomzone
408,pchoulesbb,Fixflex,zgodlybb@virginia.edu,sohu.com,5/2/2022,false,Cubilia.tiff,341.20zł,Minyx
409,bgrinnikovbc,Alphazap,barpebc@theguardian.com,ezinearticles.com,3/4/2022,true,NullaNuncPurus.avi,633.32zł,Yoveo
410,iahrendsenbd,Lotstring,zjacklinbd@devhub.com,godaddy.com,4/19/2022,true,MetusVitaeIpsum.mov,793.43zł,Wordware
411,ggwynethbe,Span,mtorbetbe@tuttocitta.it,hhs.gov,8/24/2022,false,UltricesMattis.doc,524.75zł,Aivee
412,jspinksbf,Fixflex,ctennickbf@cbc.ca,myspace.com,4/19/2022,true,Nulla.jpeg,149.92zł,Kayveo
413,pvasinbg,Bigtax,eericssenbg@si.edu,shinystat.com,4/1/2022,false,PorttitorLacus.jpeg,938.45zł,Topicblab
414,fsherebh,Andalax,ovanderwaltbh@facebook.com,wikia.com,10/2/2022,false,QuisOrciNullam.gif,889.83zł,Gigaclub
415,cmulveybi,Ventosanzap,fbanghambi@shop-pro.jp,eventbrite.com,4/12/2022,true,MassaVolutpatConvallis.mpeg,795.49zł,Twinte
416,zralphsbj,Regrant,twoodingbj@senate.gov,amazon.co.uk,12/11/2021,true,AliquamErat.ppt,105.20zł,Edgetag
417,dracciobk,Sub-Ex,jguerinbk@smh.com.au,google.de,10/4/2022,false,AmetErosSuspendisse.ppt,208.72zł,Bubblemix
418,abowdonbl,Veribet,rwellfarebl@zimbio.com,bbc.co.uk,12/9/2021,false,CubiliaCuraeNulla.jpeg,228.87zł,Brainsphere
419,cfremantlebm,Job,asinfieldbm@twitter.com,fotki.com,12/3/2021,true,MolestieNibh.avi,756.97zł,Tekfly
420,bdoldenbn,Lotstring,lnuccibn@nps.gov,etsy.com,6/21/2022,false,TortorEu.mpeg,484.90zł,Fivespan
421,cpicktonbo,Cookley,bfewtrellbo@businessweek.com,virginia.edu,1/11/2022,false,AmetLobortis.xls,027.81zł,Flashset
422,keringtonbp,Flexidy,sfillimorebp@cargocollective.com,latimes.com,12/12/2021,false,Vestibulum.mp3,754.42zł,Devbug
423,eramblebq,Cardify,hlurrimanbq@dell.com,themeforest.net,8/25/2022,true,SemFusce.mpeg,364.01zł,Avamba
424,aharnellbr,Bytecard,ajorebr@hubpages.com,samsung.com,3/24/2022,false,CurabiturAt.mov,399.78zł,Tagchat
425,menserbs,Subin,jeavesbs@rakuten.co.jp,amazon.de,6/10/2022,true,Justo.avi,236.01zł,Edgeclub
426,qcabellbt,Alphazap,epickhaverbt@lulu.com,time.com,2/13/2022,false,NibhIn.jpeg,206.14zł,Tagfeed
427,apakesbu,Treeflex,rcollybu@liveinternet.ru,indiegogo.com,12/22/2021,true,Ac.ppt,340.91zł,Zoozzy
428,ckenninghanbv,Lotlux,lspedronibv@ox.ac.uk,uol.com.br,2/2/2022,false,OrnareImperdiet.jpeg,835.94zł,Quinu
429,dbrydellbw,Alphazap,kschimpkebw@ameblo.jp,woothemes.com,1/7/2022,true,VestibulumVelit.ppt,355.88zł,Ozu
430,ktretwellbx,Duobam,weamerbx@wiley.com,opera.com,3/1/2022,true,Elementum.ppt,733.99zł,Dabtype
431,wdemongeby,Bitwolf,daloshechkinby@privacy.gov.au,spiegel.de,4/18/2022,true,Porta.mp3,555.57zł,Eabox
432,aburdekinbz,Rank,dreddinbz@google.it,qq.com,9/8/2022,true,NecEuismodScelerisque.gif,863.34zł,Jabbercube
433,pscampionc0,Cookley,gfiggerc0@instagram.com,un.org,4/22/2022,true,Justo.mp3,750.37zł,Oyoba
434,pgreengrassc1,Vagram,amelhuishc1@salon.com,mac.com,10/29/2022,true,Suspendisse.ppt,716.14zł,Twimbo
435,bbulteelc2,Biodex,cbruunc2@jalbum.net,apache.org,5/24/2022,true,VolutpatConvallis.ppt,580.82zł,Thoughtsphere
436,dstuckowc3,Job,bstainlandc3@google.cn,europa.eu,6/6/2022,true,SapienCursus.jpeg,067.59zł,Youspan
437,ttumberc4,Keylex,kdudeneyc4@answers.com,purevolume.com,12/1/2021,true,Lorem.mpeg,740.80zł,Ailane
438,edungeyc5,Toughjoyfax,kbarbourc5@w3.org,seattletimes.com,11/21/2021,false,Sem.jpeg,476.16zł,Npath
439,kferenczyc6,Konklux,iurwenc6@netvibes.com,123-reg.co.uk,8/6/2022,false,NuncPurusPhasellus.ppt,146.96zł,Voolith
440,salbionc7,Matsoft,ariddlec7@dropbox.com,aboutads.info,1/29/2022,true,VelEnim.mp3,766.69zł,Blogtags
441,egrogonoc8,Zontrax,aantonc8@cdc.gov,state.tx.us,7/14/2022,false,Aliquet.mp3,871.91zł,Dabvine
442,nbursnellc9,Bamity,dgolledgec9@reddit.com,csmonitor.com,2/5/2022,false,Aliquet.tiff,651.15zł,Zooxo
443,mdonaghieca,Span,tforsdickeca@ycombinator.com,timesonline.co.uk,4/7/2022,false,Scelerisque.ppt,325.82zł,Riffpedia
444,acattocb,Bytecard,rsonescb@shutterfly.com,sciencedaily.com,12/22/2021,false,GravidaNisi.mp3,633.08zł,Meejo
445,malamcc,Vagram,dlovstromcc@sitemeter.com,ucoz.ru,10/4/2022,true,CondimentumIdLuctus.mp3,188.48zł,Photolist
446,rthorndycraftcd,Tres-Zap,vplunketcd@tripadvisor.com,usda.gov,6/23/2022,false,InterdumEu.xls,976.95zł,Quinu
447,sbagnellce,Gembucket,rwalthallce@toplist.cz,weather.com,11/12/2022,true,TortorEuPede.mp3,512.51zł,Trudeo
448,rharbottlecf,Greenlam,cstquentincf@reference.com,wordpress.org,11/17/2021,false,NislDuisBibendum.ppt,314.83zł,Wikido
449,kziehmcg,Alphazap,wbrodheadcg@omniture.com,nasa.gov,8/19/2022,false,Nunc.avi,876.18zł,Brainbox
450,wteliginch,Zamit,kminersch@shareasale.com,army.mil,7/12/2022,false,TortorRisusDapibus.tiff,255.29zł,Fadeo
451,wmccullenci,It,kdumberellci@ox.ac.uk,godaddy.com,5/11/2022,false,Convallis.doc,379.36zł,Youfeed
452,skeppelcj,Rank,astannerscj@imgur.com,abc.net.au,11/16/2021,true,VolutpatInCongue.mpeg,500.42zł,Trudoo
453,rniccollsck,Fintone,mdomineyck@sfgate.com,google.nl,9/10/2022,true,NecMolestieSed.ppt,916.33zł,Meetz
454,lpetrenkocl,Gembucket,mgironcl@blinklist.com,istockphoto.com,6/10/2022,true,Fusce.xls,625.12zł,Janyx
455,dzannicm,Stringtough,whaddoncm@goo.ne.jp,posterous.com,6/20/2022,true,QuisAugue.ppt,392.66zł,Yakidoo
456,fachrameevcn,Bigtax,ariattcn@google.cn,ning.com,3/9/2022,true,MiInPorttitor.xls,452.34zł,Kaymbo
457,ngemnettco,Voyatouch,tdooneco@china.com.cn,netscape.com,6/15/2022,false,Vitae.avi,231.68zł,Camido
458,bcastelluccicp,Job,choggancp@yellowpages.com,com.com,6/12/2022,true,Cras.ppt,921.96zł,Zazio
459,jmowlamcq,Greenlam,kbewliecq@histats.com,weather.com,5/11/2022,true,Aliquam.jpeg,410.65zł,Brightbean
460,ttedahlcr,Mat Lam Tam,vbraunlecr@house.gov,ocn.ne.jp,6/16/2022,false,LoremId.avi,779.92zł,Demivee
461,ptippercs,Prodder,mmarrcs@mozilla.com,thetimes.co.uk,9/6/2022,true,VulputateNonummy.jpeg,132.60zł,Zava
462,vvedstract,Latlux,rruscoect@dailymail.co.uk,fastcompany.com,5/3/2022,true,VolutpatDuiMaecenas.jpeg,655.73zł,Pixoboo
463,yfeathersbycu,Voyatouch,cpalferycu@cargocollective.com,studiopress.com,2/8/2022,true,NislDuis.tiff,611.31zł,Twimm
464,cgutanscv,Toughjoyfax,blusheycv@booking.com,51.la,4/23/2022,false,InTempus.mov,360.09zł,Quaxo
465,omcartecw,Pannier,djobsoncw@netvibes.com,squarespace.com,2/27/2022,false,Eget.mp3,980.17zł,Edgeclub
466,aroustcx,Regrant,gmackeevercx@stanford.edu,soundcloud.com,5/1/2022,false,Rutrum.pdf,435.39zł,Devcast
467,ngibbardcy,Zamit,wnoadescy@last.fm,toplist.cz,7/18/2022,false,RidiculusMusEtiam.mpeg,808.82zł,Thoughtstorm
468,kbertomiercz,Job,tfronczakcz@tamu.edu,un.org,9/19/2022,true,Platea.avi,311.91zł,Meetz
469,cstuartd0,Fixflex,ddinningtond0@netscape.com,unblog.fr,3/19/2022,true,PedeUllamcorper.pdf,159.31zł,Eire
470,swonford1,Keylex,gtowned1@wiley.com,baidu.com,3/19/2022,false,OrciMaurisLacinia.ppt,875.08zł,Rhynyx
471,fwandtked2,It,aorwind2@paginegialle.it,ow.ly,4/8/2022,false,Morbi.avi,312.79zł,Brainsphere
472,gpawelczykd3,Lotlux,bhanselmannd3@skype.com,discovery.com,11/3/2022,true,Aliquam.mp3,722.46zł,Plajo
473,breburnd4,Toughjoyfax,selvishd4@bigcartel.com,house.gov,1/25/2022,false,TortorSollicitudin.ppt,518.56zł,Twitternation
474,aboowd5,Fix San,hlanchesterd5@newyorker.com,foxnews.com,11/30/2021,true,Phasellus.tiff,803.04zł,Skipstorm
475,belijahud6,Kanlam,vgoodlipd6@time.com,is.gd,6/23/2022,true,NullaUltrices.avi,205.90zł,Zoomzone
476,squaded7,Hatity,mrappad7@microsoft.com,nyu.edu,1/30/2022,true,PrimisInFaucibus.mp3,866.25zł,Fivespan
477,cwandreyd8,Fintone,ahagstoned8@gravatar.com,phpbb.com,11/12/2022,true,PosuereCubilia.png,849.89zł,Trunyx
478,foakwelld9,Alphazap,tseyffertd9@gizmodo.com,friendfeed.com,8/17/2022,true,Amet.ppt,868.31zł,Ailane
479,gtefftda,Fintone,dgoscarda@technorati.com,prlog.org,12/25/2021,true,EgetTincidunt.gif,559.25zł,Linklinks
480,ktomblingdb,Konklux,abroyddb@twitter.com,bloglines.com,11/30/2021,true,MorbiVel.doc,437.44zł,Browsebug
481,landridc,Sub-Ex,mstruisdc@npr.org,webmd.com,8/20/2022,false,SapienInSapien.avi,885.37zł,Jabberbean
482,bminnisdd,Bamity,mbartolomeudd@shinystat.com,vkontakte.ru,9/21/2022,true,IdPretiumIaculis.pdf,447.61zł,Mybuzz
483,riacofode,Otcom,tmaxtedde@hugedomains.com,china.com.cn,8/21/2022,true,ParturientMontes.ppt,772.04zł,Skivee
484,blamsheaddf,Home Ing,roseltondf@arstechnica.com,patch.com,11/9/2022,true,Gravida.png,044.22zł,Lazzy
485,crochelledg,Kanlam,tkilfetherdg@hibu.com,delicious.com,8/25/2022,false,Pharetra.mpeg,353.98zł,Devify
486,tgabaladh,Y-find,pnaredh@bizjournals.com,desdev.cn,11/27/2021,true,PretiumIaculisDiam.ppt,006.56zł,Mynte
487,hreynarddi,Bytecard,pberthomedi@list-manage.com,arizona.edu,10/21/2022,true,ANibh.mp3,863.00zł,Gabcube
488,tarmingerdj,Sub-Ex,kfarrydj@eepurl.com,shinystat.com,6/29/2022,true,PharetraMagnaAc.mp3,720.56zł,Browseblab
489,lhansforddk,Greenlam,kiannedk@cdbaby.com,nydailynews.com,9/27/2022,true,VivamusVel.pdf,373.46zł,Zooxo
490,oodhamsdl,Job,dhenburydl@github.com,google.com.hk,5/22/2022,true,SagittisDui.xls,094.46zł,Yotz
491,jrushmandm,Regrant,laytondm@furl.net,squidoo.com,7/11/2022,true,NonummyMaecenasTincidunt.jpeg,912.07zł,Jaxworks
492,spicdn,Toughjoyfax,lpaladn@hatena.ne.jp,blogspot.com,6/2/2022,false,Felis.avi,263.41zł,Bubbletube
493,tconeybearedo,Ventosanzap,bvaughtondo@utexas.edu,fda.gov,11/14/2021,true,Vestibulum.pdf,307.66zł,Livefish
494,gplayhilldp,Zathin,vleworthydp@home.pl,fastcompany.com,10/6/2022,false,LectusPellentesque.tiff,271.88zł,Brainsphere
495,gmangindq,Tampflex,gradagedq@hatena.ne.jp,deliciousdays.com,9/24/2022,true,UtOdio.ppt,949.52zł,Muxo
496,cwoloschinskidr,Prodder,kjealdr@uiuc.edu,ifeng.com,3/4/2022,false,Ultrices.avi,154.11zł,Dabfeed
497,dmakinds,Sonsing,sseiffertds@skyrock.com,multiply.com,6/17/2022,false,InTempor.avi,378.89zł,Yacero
498,lgisbornedt,It,skeyhoedt@wsj.com,ow.ly,5/22/2022,false,Et.mpeg,829.23zł,Oyoyo
499,lbelderfielddu,Flexidy,nirnysdu@cnbc.com,weather.com,8/14/2022,true,OdioElementum.xls,975.98zł,Quimba
500,ymacchaelldv,Zamit,obowcherdv@seattletimes.com,list-manage.com,7/7/2022,true,SodalesScelerisqueMauris.avi,506.62zł,Skyble
501,vmouandw,Bitwolf,aclotherdw@java.com,craigslist.org,4/29/2022,false,MontesNasceturRidiculus.jpeg,119.63zł,Meevee
502,nwindousdx,Prodder,apowlesdx@elegantthemes.com,jalbum.net,9/17/2022,false,LobortisEst.mp3,762.12zł,Skiba
503,ceakindy,Fix San,lmcilhargady@chicagotribune.com,washingtonpost.com,6/19/2022,false,EuMassa.mp3,049.63zł,Realmix
504,bbollinidz,Prodder,mmaccollomdz@plala.or.jp,cocolog-nifty.com,9/24/2022,true,NisiAtNibh.xls,949.09zł,Dabtype
505,kweine0,Tampflex,bmckinnelle0@imageshack.us,creativecommons.org,1/19/2022,true,EratVolutpat.gif,250.71zł,Thoughtblab
506,achenee1,Overhold,treise1@deliciousdays.com,reddit.com,5/19/2022,false,Velit.mov,694.56zł,Fanoodle
507,vwalcare2,Tampflex,hkikkee2@simplemachines.org,hud.gov,7/2/2022,false,VelEst.jpeg,241.93zł,Ailane
508,hcrimpe3,Vagram,nzumfeldee3@mail.ru,bloglines.com,12/10/2021,true,VestibulumEgetVulputate.pdf,920.17zł,Topiczoom
509,apenberthye4,Vagram,mmanvellee4@examiner.com,wordpress.org,6/22/2022,false,VelAccumsanTellus.jpeg,408.14zł,Bluezoom
510,vmcgintye5,Overhold,ojukubczake5@imgur.com,xinhuanet.com,11/2/2022,true,MagnaAc.mp3,208.76zł,Yodo
511,rganforthe6,Biodex,mbrownhille6@reverbnation.com,freewebs.com,12/10/2021,false,VestibulumEgetVulputate.txt,825.81zł,Skalith
512,fbleslie7,Latlux,bharbore7@constantcontact.com,reverbnation.com,12/13/2021,true,Justo.avi,580.82zł,Realcube
513,ggerhartze8,Prodder,bstrethille8@over-blog.com,tmall.com,2/11/2022,true,Odio.tiff,504.94zł,Zoombox
514,ethorlbye9,Stringtough,candrejse9@ycombinator.com,auda.org.au,10/23/2022,false,Vulputate.tiff,484.18zł,Realmix
515,sheimannea,Veribet,mbranniea@blogtalkradio.com,ehow.com,3/27/2022,false,HacHabitasse.mpeg,864.74zł,Browsecat
516,cbiddyeb,Ventosanzap,vmoxomeb@mlb.com,ovh.net,10/12/2022,true,CrasNonVelit.mp3,907.61zł,Fanoodle
517,hlamminamec,Bytecard,ccanningsec@mtv.com,rediff.com,7/5/2022,false,Lobortis.mp3,178.27zł,Twitterbridge
518,cstreetoned,Sonsing,fstanyoned@cam.ac.uk,artisteer.com,5/19/2022,true,Tortor.gif,441.98zł,Zooveo
519,rlathyee,Andalax,dmonceyee@cam.ac.uk,irs.gov,7/15/2022,true,LeoRhoncus.ppt,720.53zł,Gigazoom
520,yfirmingeref,Kanlam,lleflochef@rediff.com,nps.gov,1/31/2022,true,LectusInQuam.tiff,381.10zł,Livetube
521,sannelleg,Asoka,aiverseg@odnoklassniki.ru,ycombinator.com,9/1/2022,true,CommodoVulputate.xls,673.64zł,Edgewire
522,gkoreseh,Y-Solowarm,wdederickeh@csmonitor.com,sitemeter.com,9/6/2022,true,QuisLectusSuspendisse.mp3,119.66zł,Topicware
523,tswindinei,Tresom,lguideraei@state.tx.us,networkadvertising.org,1/26/2022,true,Ipsum.avi,061.83zł,Mudo
524,dbristonej,Domainer,lboweej@amazon.de,1und1.de,5/7/2022,false,PosuereCubilia.xls,600.05zł,Gigazoom
525,pcannyek,Hatity,nscourgieek@odnoklassniki.ru,netscape.com,3/12/2022,true,Morbi.gif,348.70zł,Divavu
526,sclaceel,Zaam-Dox,jassanteel@washingtonpost.com,kickstarter.com,8/9/2022,true,Orci.mp3,531.52zł,Eazzy
527,dmazeyem,Bigtax,sgrubbem@blinklist.com,auda.org.au,3/4/2022,true,Nec.mov,772.61zł,Gabtune
528,ssymmersen,Toughjoyfax,llougheaden@flavors.me,twitter.com,2/14/2022,true,Eu.xls,598.23zł,Eadel
529,gmcateereo,Biodex,omackibboneo@aboutads.info,about.me,12/23/2021,false,DuiVel.pdf,349.32zł,Geba
530,jbenedickep,Latlux,tsullensep@e-recht24.de,soundcloud.com,10/31/2022,true,TristiqueTortorEu.xls,248.82zł,Kazio
531,tpatronieq,Konklux,odraggeeq@csmonitor.com,wp.com,5/4/2022,true,NequeAeneanAuctor.mov,092.15zł,Browsezoom
532,gjoskowiczer,Sonair,idescoffierer@msu.edu,forbes.com,7/29/2022,false,SapienUrnaPretium.gif,779.72zł,Yombu
533,cleseres,Y-find,afloates@ehow.com,technorati.com,8/16/2022,false,SuspendissePotenti.ppt,487.62zł,Voomm
534,brobbeet,Zontrax,hlegerwoodet@unesco.org,surveymonkey.com,12/28/2021,false,Duis.jpeg,414.06zł,Skinix
535,bhanbridgeeu,Sonsing,nmottinellieu@nationalgeographic.com,jugem.jp,12/1/2021,false,LigulaNec.xls,825.60zł,Twitterbeat
536,xreeev,Andalax,clovemanev@sitemeter.com,a8.net,6/21/2022,true,QuisLectus.ppt,560.77zł,Feedfire
537,kcashinew,Zontrax,gyousefew@fastcompany.com,addthis.com,7/11/2022,true,ConsequatDuiNec.xls,331.08zł,Trudeo
538,gcalafateex,Alpha,wcheersex@economist.com,ftc.gov,12/7/2021,false,PellentesqueUltricesPhasellus.xls,431.50zł,Kwinu
539,hspillettey,Ventosanzap,mhewsoney@wisc.edu,msn.com,5/4/2022,false,Integer.tiff,304.65zł,Wikibox
540,awhetherez,Pannier,jhuttonez@mac.com,phpbb.com,8/23/2022,false,Vitae.mp3,726.82zł,Meetz
541,dfickf0,Tin,nneilandf0@google.it,g.co,12/27/2021,true,Iaculis.tiff,792.08zł,Tagtune
542,tgerlingf1,Duobam,afarrantsf1@uiuc.edu,foxnews.com,8/21/2022,false,Fringilla.txt,530.09zł,Jetpulse
543,fdergesf2,Domainer,cdenmeadf2@upenn.edu,fda.gov,5/23/2022,true,QuisJustoMaecenas.xls,603.29zł,Jabbercube
544,qjahnerf3,Voyatouch,afeatherstonef3@photobucket.com,gmpg.org,7/14/2022,false,Mus.tiff,678.67zł,Rhynyx
545,onorcopf4,Job,jbeestonf4@who.int,example.com,1/14/2022,true,Velit.gif,472.70zł,Zoomcast
546,ecarlislef5,Biodex,sbedlingtonf5@bluehost.com,berkeley.edu,8/4/2022,true,TurpisIntegerAliquet.png,535.56zł,Trilia
547,imcmurrayf6,Sonair,bstiffellf6@who.int,youku.com,8/23/2022,true,PrimisIn.xls,181.19zł,Skyble
548,bmatteuzzif7,Lotstring,bfritterf7@mit.edu,berkeley.edu,12/6/2021,true,Congue.avi,267.98zł,Zoozzy
549,gjudkinsf8,Sonair,cfranktonf8@unesco.org,reverbnation.com,5/5/2022,false,Nunc.mov,745.65zł,Tagfeed
550,djoselevitzf9,Wrapsafe,lpeoplesf9@examiner.com,a8.net,9/12/2022,false,AeneanLectusPellentesque.xls,141.90zł,Wordpedia
551,ynevittfa,Ronstring,jnorthridgefa@istockphoto.com,netvibes.com,4/29/2022,true,Odio.avi,280.11zł,Eadel
552,csheffieldfb,Cookley,dbottingfb@geocities.jp,over-blog.com,6/19/2022,false,HabitassePlateaDictumst.jpeg,417.50zł,Jaxworks
553,bgerrietzfc,Matsoft,sdroughtfc@feedburner.com,scribd.com,9/5/2022,false,CommodoPlaceratPraesent.mp3,780.88zł,Linkbridge
554,sprenfd,Flowdesk,cortmannfd@ow.ly,washingtonpost.com,2/26/2022,false,Bibendum.mp3,246.36zł,Talane
555,xlaugierfe,Alphazap,hcoultasfe@cdc.gov,joomla.org,10/20/2022,true,EratVolutpatIn.tiff,319.82zł,Quinu
556,aheggisonff,Greenlam,cchattoeff@nytimes.com,tripod.com,8/30/2022,true,MontesNascetur.avi,631.65zł,Kazio
557,vdaousefg,Fix San,mmedhurstfg@ft.com,jimdo.com,11/9/2022,true,EuTinciduntIn.gif,428.04zł,Devshare
558,tbartunekfh,Otcom,rmarrillfh@tiny.cc,vimeo.com,12/14/2021,false,Et.avi,348.57zł,Skimia
559,cgyurkofi,Asoka,tcerseyfi@sitemeter.com,gnu.org,9/12/2022,true,EstDonecOdio.gif,561.22zł,Centizu
560,dbroadisfj,Ronstring,plambethfj@prlog.org,google.ca,1/28/2022,false,UtAt.ppt,168.37zł,Jaxworks
561,scarrickfk,Ronstring,llimpertzfk@pagesperso-orange.fr,umich.edu,1/13/2022,false,Ac.mpeg,383.55zł,Blogpad
562,tbeckfl,Aerified,ldominellifl@sourceforge.net,issuu.com,6/14/2022,true,AcConsequat.mpeg,391.88zł,Quinu
563,kprendergastfm,Bitwolf,gmasseofm@yelp.com,nationalgeographic.com,11/19/2021,false,PraesentBlandit.pdf,561.29zł,Tazzy
564,cslineyfn,Tresom,eprykefn@mapquest.com,topsy.com,7/31/2022,false,NislVenenatis.mp3,650.23zł,Pixope
565,mlabarrefo,Lotstring,asimoneaufo@tripadvisor.com,mapquest.com,3/12/2022,false,Porta.gif,494.85zł,Fivechat
566,jtutingfp,Home Ing,pbingleyfp@weather.com,china.com.cn,8/13/2022,true,IdPretiumIaculis.txt,463.47zł,Dabfeed
567,npetrillofq,Latlux,mbeaglesfq@goo.ne.jp,desdev.cn,9/20/2022,true,EtMagnisDis.mpeg,823.33zł,Camimbo
568,sgiottinifr,Stim,mgallierfr@booking.com,acquirethisname.com,10/31/2022,false,Odio.png,972.68zł,Aimbu
569,rmaccrachenfs,Holdlamis,zbrimmingfs@nydailynews.com,senate.gov,4/20/2022,false,LobortisLigulaSit.avi,739.65zł,Chatterbridge
570,atodft,Tresom,rstringmanft@taobao.com,indiegogo.com,12/3/2021,false,Blandit.ppt,479.17zł,Cogilith
571,sbeefonfu,Asoka,vokillfu@smugmug.com,accuweather.com,10/15/2022,true,OdioCurabiturConvallis.pdf,803.97zł,Blogtag
572,bhardmanfv,Pannier,aandrellifv@ucoz.com,earthlink.net,5/23/2022,false,TurpisAdipiscing.avi,494.39zł,Quatz
573,tmatuszakfw,Bigtax,datheyfw@npr.org,jalbum.net,3/29/2022,false,ElementumPellentesque.xls,903.55zł,Realcube
574,dcurwenfx,Fix San,jmaplethorpefx@sciencedaily.com,ibm.com,12/18/2021,true,Libero.ppt,448.54zł,Dazzlesphere
575,tlanfarefy,Tresom,leunsonfy@facebook.com,jimdo.com,10/12/2022,false,Bibendum.ppt,818.00zł,Jaxbean
576,cscawenfz,Regrant,dmadrellfz@google.com.au,archive.org,8/22/2022,false,Et.ppt,398.14zł,Meetz
577,tgimbartg0,Greenlam,jamthorg0@meetup.com,nih.gov,10/16/2022,false,LobortisSapienSapien.mp3,110.49zł,Meemm
578,scrocumbeg1,Ronstring,rcarahg1@sphinn.com,aol.com,3/9/2022,true,Phasellus.ppt,963.55zł,Skyndu
579,scameliag2,Voltsillam,evigarg2@hatena.ne.jp,japanpost.jp,8/20/2022,true,PhasellusSitAmet.mp3,269.72zł,Skimia
580,ibrontg3,Fintone,nblacklaweg3@nifty.com,symantec.com,11/21/2021,false,OrciLuctusEt.mp3,999.67zł,Jetpulse
581,bharbageg4,Konklux,laburrowg4@tripadvisor.com,liveinternet.ru,4/27/2022,false,Commodo.ppt,183.86zł,Dablist
582,bwartnabyg5,Greenlam,ehilldropg5@shinystat.com,nasa.gov,6/24/2022,false,LeoMaecenasPulvinar.avi,015.18zł,Wikido
583,swillardg6,Y-Solowarm,tcarlyong6@msn.com,netvibes.com,2/15/2022,true,Eleifend.mp3,014.57zł,Vinte
584,jaizikowitzg7,Matsoft,ckibbyg7@prlog.org,va.gov,4/9/2022,false,In.xls,369.64zł,Ooba
585,gwandreyg8,Transcof,lmohang8@prnewswire.com,cbc.ca,8/26/2022,false,Bibendum.gif,112.48zł,Centidel
586,cboulsherg9,Aerified,nkrysztofiakg9@boston.com,vistaprint.com,5/4/2022,false,VariusNullaFacilisi.mp3,386.38zł,Brightdog
587,sbruggemanga,Voltsillam,llorkingga@photobucket.com,github.com,5/20/2022,true,Sapien.xls,062.55zł,Skalith
588,msherbournegb,Voltsillam,ttabramgb@netscape.com,alibaba.com,1/10/2022,true,Quam.gif,030.02zł,Skyble
589,jspybygc,Voltsillam,callaingc@nationalgeographic.com,cam.ac.uk,7/31/2022,true,OrciLuctus.tiff,385.82zł,Dynava
590,aillstongd,Namfix,adomonegd@purevolume.com,wordpress.com,11/17/2021,true,PedeJustoLacinia.xls,191.26zł,Jatri
591,gmorrisonge,Prodder,bgorcege@cloudflare.com,apache.org,9/20/2022,true,Convallis.ppt,923.46zł,Kaymbo
592,mgoadegf,Zamit,ltaffurelligf@salon.com,whitehouse.gov,2/8/2022,false,Justo.txt,922.40zł,Twimbo
593,mkleinhausengg,Alpha,mbridgengg@guardian.co.uk,nhs.uk,6/12/2022,false,NuncNislDuis.tiff,540.13zł,Kaymbo
594,mmategh,Bigtax,rellargh@tamu.edu,prlog.org,6/4/2022,false,DuiProinLeo.mp3,149.35zł,Thoughtworks
595,btomasicchiogi,Redhold,esayergi@cyberchimps.com,virginia.edu,6/13/2022,false,AnteIpsumPrimis.mp3,136.76zł,Myworks
596,esnaregj,Sonsing,rplascottgj@hexun.com,java.com,7/30/2022,false,HabitassePlatea.avi,336.05zł,Kamba
597,dloudwellgk,Latlux,paburrowgk@blog.com,nationalgeographic.com,2/2/2022,true,VestibulumVestibulum.tiff,455.93zł,Roomm
598,scoombsgl,Stim,adunnettgl@symantec.com,zimbio.com,11/10/2022,true,Nibh.pdf,271.73zł,Wordware
599,pjandacgm,Wrapsafe,castellgm@google.com,mapy.cz,9/1/2022,true,EleifendLuctusUltricies.tiff,313.09zł,Janyx
600,lbambgn,Alpha,avanyashingn@cisco.com,newyorker.com,8/26/2022,true,Tortor.mp3,949.99zł,Devpulse
601,smahaffeygo,Zoolab,mpiotrkowskigo@theatlantic.com,jalbum.net,1/8/2022,false,EtiamVelAugue.avi,122.80zł,Twitterworks
602,obewgp,Ventosanzap,nrexgp@symantec.com,nih.gov,10/8/2022,true,SedTristiqueIn.tiff,351.28zł,Eadel
603,bpovelegq,Lotlux,agarlettgq@opera.com,gnu.org,8/8/2022,false,VestibulumRutrumRutrum.tiff,286.55zł,Twitterbridge
604,rshinegr,Zathin,ynorreegr@bravesites.com,seesaa.net,6/14/2022,false,SedJustoPellentesque.jpeg,761.04zł,Avamba
605,dbeeblegs,Transcof,hnorridgegs@discuz.net,netlog.com,9/21/2022,true,SedLacusMorbi.mp3,237.99zł,Zoombeat
606,rvidgengt,Tresom,kambrozewiczgt@wikipedia.org,washingtonpost.com,5/31/2022,false,VestibulumEgetVulputate.png,156.31zł,Kare
607,rlangerengu,Rank,mgrimwadgu@youtube.com,gnu.org,3/29/2022,false,JustoIn.avi,838.86zł,Plajo
608,gspeachleygv,Redhold,claudergv@geocities.com,ed.gov,6/25/2022,true,AmetErosSuspendisse.jpeg,338.35zł,Kwilith
609,abeeckxgw,Lotstring,ndonhardtgw@tuttocitta.it,google.pl,4/15/2022,true,NuncViverra.mp3,674.14zł,Meejo
610,kyulegx,Voltsillam,hmunbygx@soundcloud.com,tinypic.com,6/29/2022,false,PretiumNislUt.tiff,588.58zł,Zooveo
611,croomegy,Cardify,mlangdridgegy@w3.org,miitbeian.gov.cn,8/17/2022,true,DonecOdioJusto.ppt,549.42zł,Wordify
612,mstittlegz,Bitwolf,bbillamgz@cam.ac.uk,wikia.com,3/6/2022,true,IntegerAc.mp3,664.74zł,Blogtag
613,lmasarrath0,Sonair,brosenboimh0@who.int,altervista.org,12/30/2021,true,NamDuiProin.avi,961.71zł,Topicblab
614,dfrondth1,Konklab,fhugonneth1@ycombinator.com,samsung.com,4/5/2022,false,LoremIpsum.jpeg,148.43zł,Brainlounge
615,egregineh2,Matsoft,sthibodeauxh2@microsoft.com,gmpg.org,8/24/2022,false,Amet.mp3,281.38zł,Mynte
616,ebohikeh3,Lotlux,dcoldhamh3@blogtalkradio.com,hp.com,9/25/2022,false,EratVestibulum.avi,945.67zł,Gabtype
617,rdovidaitish4,Span,spittsonh4@imdb.com,google.it,9/1/2022,false,Cras.mov,857.00zł,Miboo
618,pmcilhoneh5,Flowdesk,bcolthursth5@guardian.co.uk,europa.eu,11/1/2022,true,ElementumPellentesqueQuisque.xls,325.03zł,Jazzy
619,ntreslerh6,Bigtax,msiemonh6@123-reg.co.uk,about.me,6/19/2022,false,NullamPorttitorLacus.mpeg,626.81zł,Gabtype
620,dkiosselh7,Subin,minnwoodh7@wunderground.com,phoca.cz,11/22/2021,false,InHac.txt,650.15zł,Katz
621,sallsepph8,Domainer,avautierh8@disqus.com,acquirethisname.com,12/13/2021,true,ConvallisDuisConsequat.mpeg,375.67zł,Yodo
622,sduchanh9,Zoolab,snewbatth9@sitemeter.com,sciencedaily.com,10/22/2022,false,EratId.xls,978.82zł,Devify
623,despinosha,Bigtax,kphoenixha@about.me,jalbum.net,9/14/2022,false,PrimisInFaucibus.ppt,637.82zł,Latz
624,repplehb,Otcom,kwallentinhb@weibo.com,usnews.com,11/17/2021,true,NonQuamNec.gif,029.75zł,Wordware
625,sreubenhc,Rank,oagutterhc@amazon.co.jp,alexa.com,12/3/2021,true,FelisDonec.ppt,693.22zł,Flipbug
626,jrolinsonhd,Lotstring,hibbetthd@google.cn,behance.net,3/12/2022,true,Luctus.ppt,710.70zł,Yotz
627,dmoormanhe,Sonsing,okeirlhe@shutterfly.com,scribd.com,6/20/2022,false,ConsequatMorbiA.ppt,534.53zł,Rhybox
628,hoshirinehf,Lotstring,gstrelitzerhf@washingtonpost.com,weather.com,3/30/2022,false,OrciMauris.avi,940.89zł,Skyvu
629,ftalhg,Wrapsafe,cmccorryhg@multiply.com,bbb.org,5/25/2022,false,EratFermentumJusto.txt,477.76zł,Oba
630,gwoodstockhh,Cardify,adeancywillishh@sfgate.com,nationalgeographic.com,4/19/2022,false,VulputateNonummy.mp3,806.96zł,Wordtune
631,jtrundellhi,Lotstring,sstellinohi@google.co.uk,state.tx.us,3/8/2022,true,FacilisiCrasNon.tiff,535.06zł,Skippad
632,lbricknellhj,Subin,lhansomhj@php.net,flickr.com,10/10/2022,false,NullaSuscipit.gif,664.28zł,Skidoo
633,ldoggarthk,Stronghold,iwickmannhk@goo.ne.jp,youtube.com,2/26/2022,true,Lorem.avi,103.23zł,Rhycero
634,wchaddhl,Hatity,bwoodcrafthl@google.pl,reverbnation.com,2/16/2022,true,DiamEratFermentum.ppt,372.94zł,Edgetag
635,abranwhitehm,Fix San,tnovacekhm@deviantart.com,istockphoto.com,7/5/2022,false,NisiVolutpat.ppt,510.26zł,Mydeo
636,sgrestyhn,Flexidy,ameatcherhn@360.cn,pinterest.com,2/22/2022,false,Pede.xls,878.21zł,Eadel
637,bfadianho,Tres-Zap,rcastagnaho@nature.com,ehow.com,12/26/2021,false,DuisBibendumMorbi.avi,896.64zł,Agimba
638,ahemmshp,Alphazap,kotsonhp@pen.io,icq.com,4/17/2022,false,PenatibusEt.tiff,819.59zł,Thoughtstorm
639,wbwyhq,Job,pbenezethq@state.tx.us,ucla.edu,7/10/2022,true,NuncPurus.avi,486.08zł,Oodoo
640,dfrierhr,Home Ing,mhartophr@gravatar.com,deviantart.com,10/4/2022,true,ArcuLiberoRutrum.mp3,354.90zł,Dynabox
641,eburghallhs,Span,ifullerlovehs@wordpress.com,telegraph.co.uk,12/18/2021,false,EstEt.mp3,455.71zł,Gabspot
642,cwalthallht,Bigtax,inorleyht@about.com,linkedin.com,10/7/2022,true,Mauris.gif,052.31zł,Eamia
643,jbirbeckhu,Quo Lux,jcowserhu@github.com,sciencedirect.com,1/5/2022,true,NullaTempus.tiff,056.51zł,Kare
644,cmendezhv,Sonair,hreysonhv@cnet.com,springer.com,1/21/2022,false,DuisAtVelit.gif,561.26zł,Dabshots
645,ctilliardshw,Fix San,pmacshirriehw@cdbaby.com,oakley.com,9/6/2022,true,Ipsum.mp3,716.05zł,Kazu
646,rcottlehx,Prodder,ccellerhx@nbcnews.com,blog.com,5/14/2022,true,Mauris.xls,497.83zł,Katz
647,acottuhy,Domainer,kbainhy@cdbaby.com,house.gov,12/14/2021,true,QuamFringilla.ppt,176.88zł,Gigashots
648,rmastertonhz,Hatity,bcollissonhz@zdnet.com,umn.edu,6/11/2022,false,Luctus.mp3,514.65zł,Eabox
649,ltimletti0,Solarbreeze,dgiacovellii0@freewebs.com,csmonitor.com,4/9/2022,false,InConsequatUt.jpeg,815.24zł,Tagchat
650,cbehningi1,Asoka,avannii1@miibeian.gov.cn,un.org,10/16/2022,false,Leo.ppt,127.22zł,Gigazoom
651,cstannusi2,Voltsillam,mizodi2@usda.gov,telegraph.co.uk,7/28/2022,false,VulputateNonummy.txt,968.73zł,Skivee
652,scardosoi3,Lotlux,dpolki3@github.com,biblegateway.com,11/23/2021,false,NecCondimentumNeque.mp3,543.19zł,Janyx
653,drankeni4,Temp,adonati4@biglobe.ne.jp,admin.ch,10/22/2022,true,OrciPede.avi,439.14zł,Tazzy
654,achezieri5,Lotstring,bsmeadi5@eepurl.com,topsy.com,2/28/2022,false,NamNullaInteger.avi,343.84zł,Yamia
655,halastairi6,Regrant,bandreevi6@technorati.com,columbia.edu,10/25/2022,false,IdConsequatIn.ppt,219.05zł,Devbug
656,dgerretti7,Fintone,gspinksi7@fastcompany.com,mlb.com,6/1/2022,true,Ac.xls,541.76zł,Flashspan
657,emcculloghi8,Zontrax,rhabershoni8@sciencedirect.com,sourceforge.net,3/9/2022,true,DonecUt.mp3,723.28zł,Topicstorm
658,bmolinesi9,Sonair,nhackworthi9@rakuten.co.jp,live.com,12/23/2021,true,QuisOdioConsequat.avi,180.76zł,Eidel
659,efortnumia,Pannier,mstaffordia@yahoo.co.jp,studiopress.com,5/26/2022,true,PellentesqueEgetNunc.ppt,386.46zł,Quimba
660,mperulliib,Lotstring,hparadinib@booking.com,amazonaws.com,7/29/2022,true,AIpsum.avi,124.09zł,Voomm
661,gmacgarrityic,Rank,mjanczakic@washington.edu,cbsnews.com,11/17/2021,true,EtUltricesPosuere.avi,331.89zł,Babbleblab
662,gcuckooid,Solarbreeze,mbloomanid@go.com,mozilla.org,6/2/2022,false,Natoque.xls,175.13zł,Skiptube
663,zgrimie,Vagram,cloudianeie@blogs.com,buzzfeed.com,4/26/2022,true,DapibusDuis.xls,777.30zł,Kazio
664,qmelendezif,Stim,lsmallsmanif@google.es,phpbb.com,9/21/2022,false,ASuscipit.mp3,161.84zł,Devshare
665,mgisbyeig,Vagram,eyakutinig@mail.ru,dropbox.com,3/23/2022,true,VelitNecNisi.ppt,048.63zł,Voomm
666,ssauntih,Zoolab,mwilesih@theatlantic.com,blogger.com,3/29/2022,true,Vitae.avi,495.32zł,Blogpad
667,cmalhamii,Subin,jhurdisii@buzzfeed.com,t-online.de,7/14/2022,true,Lectus.png,989.23zł,Chatterbridge
668,ttullettij,Overhold,sgeramij@about.com,fema.gov,4/2/2022,false,Rutrum.avi,995.30zł,Latz
669,ddombrellik,Zontrax,jdehooghik@guardian.co.uk,baidu.com,8/19/2022,true,Diam.jpeg,580.95zł,Meetz
670,nfaulkneril,Fixflex,sgillivrieil@hhs.gov,google.com.br,8/31/2022,true,Duis.xls,981.57zł,BlogXS
671,slaugheraneim,Transcof,kmurfordim@vk.com,cmu.edu,5/13/2022,true,GravidaNisi.ppt,698.45zł,Yoveo
672,tluckcuckin,Holdlamis,nfilipputtiin@deviantart.com,networkadvertising.org,5/23/2022,false,Blandit.xls,770.11zł,Skynoodle
673,ksharlandio,Zamit,tclaypoleio@geocities.com,sakura.ne.jp,8/14/2022,true,ConsequatNullaNisl.tiff,901.02zł,Yakidoo
674,lluckeyip,Span,bmulrooneyip@sina.com.cn,nytimes.com,7/12/2022,false,SuspendissePotenti.mpeg,592.69zł,Zoovu
675,bpatmaniq,Alpha,dgrundwateriq@ifeng.com,cnbc.com,5/21/2022,true,NamTristiqueTortor.jpeg,031.57zł,JumpXS
676,hjelfir,Stim,sfredeir@google.es,walmart.com,4/21/2022,true,RhoncusMaurisEnim.avi,660.89zł,Zoomzone
677,aoldroydeis,Stringtough,jchazetteis@taobao.com,about.com,12/18/2021,false,Ac.avi,949.12zł,Trudoo
678,gbumit,Ronstring,jbridleit@miitbeian.gov.cn,wordpress.org,5/27/2022,true,ProinRisusPraesent.xls,583.83zł,Meeveo
679,fcaldesiu,Greenlam,gbrittiniu@rediff.com,shinystat.com,12/27/2021,true,MolestieSed.avi,838.82zł,Photofeed
680,aclarisiv,Fix San,smacdowalliv@huffingtonpost.com,seattletimes.com,4/6/2022,true,NecEuismodScelerisque.ppt,497.14zł,Innojam
681,hfaneiw,Biodex,rbabidgeiw@spiegel.de,salon.com,10/22/2022,false,Sit.doc,456.22zł,Oyondu
682,bdavidix,Fixflex,bfidgeix@wp.com,gnu.org,4/7/2022,true,NonLigulaPellentesque.tiff,928.31zł,Devpulse
683,lbenduhniy,Y-Solowarm,kwylemaniy@liveinternet.ru,ihg.com,7/6/2022,true,Erat.mp3,556.02zł,Oloo
684,nperrygoiz,Duobam,mgrubbeiz@prweb.com,cpanel.net,10/21/2022,false,AcLobortisVel.xls,809.49zł,Blogtags
685,hgreenfieldj0,Otcom,ajobeyj0@globo.com,chronoengine.com,1/27/2022,false,EstDonecOdio.ppt,027.03zł,Trilith
686,ddablej1,Regrant,astoppsj1@msu.edu,oaic.gov.au,11/18/2021,false,NisiAt.ppt,539.95zł,Meevee
687,bcanetj2,Trippledex,tdowsej2@nhs.uk,ucsd.edu,12/16/2021,true,VestibulumAnte.avi,780.91zł,InnoZ
688,mcuzenj3,Matsoft,lbergj3@g.co,skype.com,12/11/2021,false,InterdumEu.avi,197.47zł,Tagpad
689,graubenheimersj4,Overhold,shaimesj4@exblog.jp,admin.ch,12/7/2021,true,SapienDignissimVestibulum.mp3,984.68zł,Skimia
690,rbramontj5,Regrant,cwaslingj5@patch.com,yale.edu,5/7/2022,true,Congue.ppt,411.80zł,Wordify
691,cwestj6,Asoka,gadeyj6@google.de,tripadvisor.com,9/7/2022,true,VulputateUtUltrices.ppt,379.20zł,Feedbug
692,vmacartej7,Ventosanzap,proycraftj7@about.com,latimes.com,3/27/2022,false,ElementumPellentesque.avi,903.05zł,Photobug
693,fcruessj8,Tresom,lcaylej8@studiopress.com,bbc.co.uk,7/12/2022,true,MontesNascetur.xls,938.19zł,Kimia
694,hmonneryj9,Cookley,ighirigorij9@disqus.com,deliciousdays.com,2/6/2022,true,Eget.xls,906.37zł,Zava
695,mtewelsonja,Flowdesk,cstriblingja@theatlantic.com,woothemes.com,6/22/2022,false,Condimentum.avi,238.35zł,Yakidoo
696,bbergeonjb,Cardguard,cdunkleejb@shinystat.com,mapy.cz,5/15/2022,false,Nulla.gif,679.38zł,Rhycero
697,ecasewelljc,Subin,jmcavinjc@cpanel.net,arstechnica.com,1/13/2022,false,Varius.tiff,748.66zł,Jabbercube
698,rbeagenjd,Biodex,hjeannetjd@blogger.com,marketwatch.com,6/21/2022,true,Felis.jpeg,855.00zł,Realcube
699,spolleyeje,Tampflex,udedomenicisje@about.com,umn.edu,11/18/2021,true,LuctusNec.avi,232.34zł,Devify
700,edumingojf,Zoolab,bleaveyjf@dot.gov,umn.edu,6/27/2022,false,SociisNatoque.mp3,769.20zł,Voonder
701,jwallisjg,Prodder,pgurwoodjg@constantcontact.com,google.fr,11/11/2022,false,VestibulumAliquet.ppt,469.06zł,Blogspan
702,cdabelljh,Bigtax,oreublejh@tmall.com,stanford.edu,12/19/2021,true,DapibusAtDiam.avi,649.26zł,Bubblemix
703,tbernji,Flowdesk,rhubbucksji@noaa.gov,oakley.com,7/2/2022,false,IntegerNonVelit.doc,275.58zł,Jaloo
704,hloucajj,Voltsillam,lpenkejj@bing.com,samsung.com,9/26/2022,false,Eros.avi,870.54zł,Meevee
705,tshrubbjk,Voyatouch,dkerijk@tamu.edu,mac.com,9/24/2022,true,VelitDonec.ppt,050.05zł,Rhynoodle
706,rsporesjl,Job,ksantijl@washington.edu,huffingtonpost.com,5/14/2022,true,FusceConsequatNulla.mp3,611.96zł,Janyx
707,sroyaljm,Alpha,jllewhellinjm@aboutads.info,so-net.ne.jp,6/4/2022,false,DapibusAt.pdf,437.05zł,Divavu
708,mrathmelljn,Tempsoft,scumesjn@engadget.com,tumblr.com,10/24/2022,true,Ultrices.mpeg,992.74zł,Realfire
709,jheadrickjo,Ronstring,rpavlenkojo@1688.com,nifty.com,1/25/2022,false,LaciniaAenean.mov,299.01zł,Tavu
710,emoaksonjp,It,ethornebarrowjp@pbs.org,hugedomains.com,7/22/2022,false,LoremIpsumDolor.avi,869.52zł,Omba
711,ehazeleyjq,Trippledex,bgreghjq@yellowbook.com,yelp.com,6/24/2022,true,Blandit.pdf,899.71zł,Rhyloo
712,flittjr,Hatity,somullaneyjr@ca.gov,wiley.com,12/4/2021,true,VelNislDuis.mp3,282.68zł,Flashspan
713,giannojs,Span,mdewanejs@friendfeed.com,usa.gov,3/31/2022,false,SociisNatoquePenatibus.avi,879.90zł,Skyble
714,qtampenjt,Tin,iallwrightjt@google.pl,marriott.com,12/3/2021,false,Vulputate.mp3,574.62zł,Eire
715,hgreeneju,Voyatouch,srolleyju@bloomberg.com,hao123.com,7/16/2022,true,Id.png,641.32zł,Gabtune
716,dlowyjv,Bytecard,llaredjv@virginia.edu,dyndns.org,8/26/2022,false,Donec.mpeg,913.48zł,Kwimbee
717,tbrobynjw,Rank,egribblejw@mail.ru,addtoany.com,10/14/2022,true,AliquamQuisTurpis.tiff,211.21zł,Thoughtstorm
718,wvarseyjx,Mat Lam Tam,lleehanejx@deviantart.com,multiply.com,9/1/2022,true,VitaeConsectetuer.mpeg,211.57zł,Skyvu
719,syeldenjy,Sonair,sbaalhamjy@columbia.edu,independent.co.uk,6/6/2022,true,Justo.xls,725.54zł,Zava
720,tilettjz,Trippledex,esetchelljz@mayoclinic.com,shop-pro.jp,9/1/2022,true,PosuereCubilia.doc,894.09zł,Topicshots
721,aenderlek0,Flexidy,rjirusk0@freewebs.com,altervista.org,3/20/2022,false,AliquetMassa.ppt,742.38zł,Skilith
722,gtimpanyk1,Cardguard,togriffink1@statcounter.com,yelp.com,3/5/2022,true,AccumsanTortorQuis.mp3,913.21zł,Browsedrive
723,rbarttrumk2,Zathin,xscarasbrickk2@businessinsider.com,comsenz.com,8/5/2022,true,LoremIpsumDolor.txt,252.30zł,Realpoint
724,hdevotek3,Home Ing,rpynnerk3@multiply.com,gov.uk,4/11/2022,false,VulputateElementumNullam.pdf,799.33zł,Oloo
725,fstarek4,Fixflex,glambolek4@dyndns.org,paginegialle.it,5/9/2022,true,EtiamJustoEtiam.avi,916.25zł,Linkbridge
726,hhanrattyk5,Sonsing,vciccoloik5@wordpress.org,patch.com,8/14/2022,false,In.mov,944.39zł,Rooxo
727,welsyk6,Y-find,lmeneok6@g.co,hao123.com,11/1/2022,false,AtTurpisA.mp3,886.05zł,Eadel
728,jeddisforthk7,Temp,jraddenburyk7@ezinearticles.com,yahoo.co.jp,1/10/2022,true,Nec.mp3,590.61zł,Midel
729,nbonelliek8,Fintone,rrylandsk8@photobucket.com,tripadvisor.com,12/19/2021,true,Ultrices.mpeg,621.68zł,Realcube
730,sheberdenk9,Ventosanzap,atsarovick9@wix.com,go.com,12/9/2021,false,LobortisLigula.tiff,441.88zł,InnoZ
731,clowdwellka,Cardguard,bsyradka@weebly.com,ed.gov,12/10/2021,true,UtOdioCras.xls,378.03zł,Avamba
732,gkytleykb,Voyatouch,msanchokb@tripod.com,dagondesign.com,5/8/2022,false,ProinLeoOdio.ppt,103.60zł,Topicstorm
733,fpagelsenkc,Fix San,cchethamkc@cam.ac.uk,cloudflare.com,6/6/2022,false,PhasellusSit.gif,167.35zł,Meetz
734,srizzonekd,Lotstring,dlookerkd@behance.net,canalblog.com,4/27/2022,false,VestibulumAcEst.tiff,207.09zł,Agivu
735,fburgoineke,Quo Lux,nshierske@parallels.com,mozilla.com,5/13/2022,false,DapibusAugueVel.png,106.31zł,Riffpedia
736,thargroveskf,Trippledex,fwoofendenkf@123-reg.co.uk,typepad.com,3/9/2022,true,Nunc.ppt,862.45zł,Jaxspan
737,amcreynoldkg,Zaam-Dox,lduigenankg@bloglovin.com,about.me,6/6/2022,false,NuncVestibulum.mov,004.50zł,Tekfly
738,lbinehamkh,Flowdesk,sraritykh@youtube.com,drupal.org,4/27/2022,true,AliquamAugue.xls,602.26zł,Devify
739,tboreki,Temp,arenardki@ow.ly,wordpress.com,2/6/2022,false,EtiamVelAugue.mp3,658.76zł,Browsezoom
740,smccrohonkj,Job,ehedlingkj@hhs.gov,sitemeter.com,4/26/2022,false,AnteNulla.xls,235.79zł,Jaxworks
741,hkemmetkk,Temp,fstolzekk@biglobe.ne.jp,miibeian.gov.cn,12/11/2021,false,Neque.mp3,335.16zł,Feednation
742,kavrahamkl,Matsoft,shandleykl@nature.com,businessinsider.com,11/19/2021,true,EstPhasellusSit.tiff,444.96zł,Shuffledrive
743,jgrigorikm,Voltsillam,rpattillokm@canalblog.com,google.pl,10/8/2022,false,LigulaSuspendisse.avi,919.42zł,Voonix
744,egritlandkn,Tempsoft,rusherkn@wix.com,simplemachines.org,5/18/2022,false,QuisOrci.mov,951.53zł,Yodel
745,ablackieko,Tres-Zap,gabreheartko@admin.ch,freewebs.com,12/10/2021,false,NisiNam.avi,782.89zł,Kamba
746,tscudderkp,Fintone,kperkskp@thetimes.co.uk,google.ca,4/8/2022,true,LectusIn.xls,578.74zł,Kazu
747,hambergerkq,Trippledex,pronaldsonkq@unicef.org,studiopress.com,2/1/2022,false,SemDuis.xls,639.84zł,Ntag
748,ddreghornkr,Voltsillam,rboramkr@house.gov,t.co,3/7/2022,false,ArcuSedAugue.mp3,248.34zł,Mynte
749,vcoveleyks,Fintone,fbarkwayks@altervista.org,studiopress.com,1/12/2022,false,NullamMolestieNibh.ppt,682.54zł,Ainyx
750,smillbergkt,Tampflex,hwhyekt@miibeian.gov.cn,mozilla.com,12/15/2021,true,LiberoNon.xls,917.27zł,Jabbersphere
751,vchampneyku,Redhold,elottringtonku@stumbleupon.com,wp.com,10/3/2022,true,Nunc.avi,460.03zł,Muxo
752,clohdenkv,Kanlam,aswiftkv@ucla.edu,skype.com,1/28/2022,false,Cum.pdf,046.81zł,Photojam
753,ccasacciakw,Lotlux,lsullenskw@cbsnews.com,newyorker.com,10/21/2022,true,ArcuAdipiscing.avi,098.40zł,Zoomdog
754,cgiraudoukx,Alphazap,rkocherkx@soup.io,instagram.com,9/16/2022,false,EratVestibulum.doc,220.06zł,Ailane
755,doxxky,Konklux,epatonky@privacy.gov.au,cnbc.com,5/21/2022,true,Velit.doc,416.30zł,Wordtune
756,cpirdykz,Konklux,ttotterdellkz@sourceforge.net,huffingtonpost.com,7/20/2022,true,Sapien.xls,525.93zł,JumpXS
757,cdasentl0,Alpha,krobardleyl0@census.gov,bloglines.com,7/17/2022,false,LacusCurabitur.xls,817.43zł,Twitterworks
758,jraggittl1,Bamity,divannikovl1@state.tx.us,comsenz.com,4/8/2022,true,Proin.xls,675.88zł,Oyoloo
759,hoffordl2,Veribet,shorningl2@washington.edu,discuz.net,2/22/2022,true,NonummyMaecenas.xls,979.64zł,Feedfire
760,swadlowl3,Bigtax,eegertonl3@nps.gov,theatlantic.com,11/21/2021,false,Ac.pdf,564.40zł,Gigazoom
761,crojal4,Zoolab,atrokel4@pagesperso-orange.fr,businesswire.com,3/30/2022,true,Nonummy.doc,597.44zł,Eire
762,lskettl5,Domainer,ocawkwelll5@europa.eu,vimeo.com,10/10/2022,false,Sollicitudin.mp3,289.95zł,Abatz
763,swoodgerl6,Hatity,jbatchelarl6@slate.com,nyu.edu,3/27/2022,false,ViverraDapibusNulla.tiff,861.56zł,Yodoo
764,ypinardl7,Konklux,ddinzeyl7@tuttocitta.it,msu.edu,3/20/2022,true,Vulputate.xls,854.06zł,Photojam
765,dsmuthl8,Lotstring,wmenguel8@senate.gov,hc360.com,4/14/2022,true,IpsumPrimis.mp3,963.77zł,Tazz
766,housleml9,Lotstring,khuttleyl9@cnet.com,reddit.com,1/24/2022,true,Quis.jpeg,670.87zł,Thoughtstorm
767,blarmuthla,Duobam,vheinsenla@dailymail.co.uk,fema.gov,9/12/2022,false,Aliquam.tiff,868.59zł,Dabjam
768,bmccambridgelb,Bamity,shennemannlb@google.it,cargocollective.com,9/3/2022,true,LuctusTincidunt.avi,180.41zł,Voolith
769,gvonderemptenlc,Bamity,dpimericklc@ehow.com,ed.gov,4/24/2022,false,Non.jpeg,894.15zł,Quinu
770,ljoskowitzld,Cardify,kffordeld@rakuten.co.jp,wunderground.com,4/24/2022,true,NuncDonec.doc,957.26zł,Mynte
771,fjakable,Zoolab,ekleszinskile@phpbb.com,altervista.org,3/5/2022,false,IpsumAliquamNon.png,743.93zł,Browsetype
772,acrippslf,Bigtax,atrewettlf@zdnet.com,sun.com,4/16/2022,true,MaecenasRhoncus.pdf,027.77zł,Dynazzy
773,sgoodanewlg,Toughjoyfax,gelsonlg@virginia.edu,ebay.com,11/27/2021,true,Iaculis.xls,705.93zł,Tagchat
774,ggaudenlh,Konklux,dvallintinelh@cyberchimps.com,eepurl.com,3/24/2022,false,BlanditNamNulla.mp3,666.55zł,Voonder
775,hbaumfordli,Duobam,vfetherstonli@ebay.co.uk,studiopress.com,5/6/2022,false,AcNequeDuis.tiff,360.39zł,Eare
776,balliotlj,Stim,wmoinelj@sourceforge.net,discuz.net,5/16/2022,true,MagnaAcConsequat.xls,384.97zł,Cogilith
777,opratonlk,Voyatouch,shodjettslk@gravatar.com,technorati.com,1/26/2022,true,Tempor.ppt,664.83zł,Wikibox
778,dmacgormanll,Quo Lux,tmeasll@nbcnews.com,yellowbook.com,7/3/2022,false,PosuereCubilia.ppt,986.49zł,Babbleopia
779,adorsaylm,Kanlam,bhamletlm@dion.ne.jp,cdbaby.com,7/10/2022,true,ViverraDiam.mp3,982.95zł,Thoughtbeat
780,ezinckeln,Ronstring,esrawleyln@php.net,blinklist.com,3/26/2022,true,IpsumAliquam.tiff,880.21zł,Riffpath
781,bpebworthlo,Y-find,alennonlo@fastcompany.com,feedburner.com,8/2/2022,true,Donec.avi,264.75zł,Lazzy
782,rfuggleslp,Y-find,emonanlp@hugedomains.com,youtube.com,9/19/2022,false,IntegerPede.mp3,845.34zł,Jetpulse
783,mbontinelq,Opela,cgogertylq@nba.com,opera.com,7/10/2022,false,QuisqueArcuLibero.xls,596.87zł,Photojam
784,scasillaslr,Redhold,fcorderolr@mapquest.com,reverbnation.com,4/24/2022,true,OdioCras.xls,786.48zł,Linkbuzz
785,rpeevorls,Y-Solowarm,stoffulls@foxnews.com,indiegogo.com,11/22/2021,true,CumSociisNatoque.jpeg,123.66zł,Divavu
786,fmonrolt,Latlux,mbrotheridgelt@washington.edu,statcounter.com,10/28/2022,false,PedeJusto.avi,491.73zł,LiveZ
787,aemmersonlu,Regrant,abenzielu@linkedin.com,paginegialle.it,12/6/2021,false,FusceConsequat.avi,426.05zł,Realmix
788,mtrattleslv,Toughjoyfax,sionslv@senate.gov,vk.com,10/6/2022,true,VelitVivamusVel.mp3,372.87zł,Topdrive
789,atrundlerlw,Y-Solowarm,dfosseylw@ehow.com,desdev.cn,11/26/2021,false,SedNislNunc.txt,248.12zł,Jaxnation
790,atosselllx,Zoolab,fcharitylx@whitehouse.gov,miitbeian.gov.cn,12/3/2021,false,Nisi.mp3,979.06zł,Cogilith
791,ahazeldeanly,Viva,glillgardly@spotify.com,i2i.jp,3/6/2022,true,NullaUltrices.tiff,717.69zł,Fadeo
792,eegentanlz,Bamity,todlinlz@dion.ne.jp,mysql.com,4/2/2022,true,RutrumAt.xls,093.21zł,Dynabox
793,ahardesm0,Sub-Ex,ryerbornm0@deviantart.com,constantcontact.com,4/13/2022,false,RutrumNequeAenean.jpeg,124.85zł,Reallinks
794,kshalesm1,Lotstring,fyorstonm1@tmall.com,opera.com,4/16/2022,false,TempusSemperEst.mpeg,115.36zł,Tazzy
795,afruchonm2,Sub-Ex,tsutheringtonm2@studiopress.com,statcounter.com,10/22/2022,true,LaciniaEgetTincidunt.jpeg,969.15zł,Quimba
796,mconneelym3,Lotlux,gsheekeym3@etsy.com,arizona.edu,5/23/2022,true,MolestieLoremQuisque.xls,640.42zł,Realfire
797,rlodgem4,Duobam,pbernardeaum4@bluehost.com,ovh.net,4/25/2022,false,FringillaRhoncus.xls,800.96zł,Twitterbridge
798,bweymouthm5,Job,ochristoforoum5@independent.co.uk,deviantart.com,7/20/2022,false,TortorSollicitudin.xls,854.77zł,Realbuzz
799,fpicottm6,Latlux,malflattm6@irs.gov,jalbum.net,3/21/2022,false,IdLobortisConvallis.tiff,926.53zł,Jetpulse
800,mpenricem7,Toughjoyfax,mduncanm7@symantec.com,msn.com,2/15/2022,false,NullaEgetEros.gif,879.69zł,Yotz
801,kcaesarm8,Cardguard,ibizzeym8@sciencedirect.com,github.io,5/20/2022,false,Natoque.txt,785.89zł,Livetube
802,bimpeym9,Bytecard,momaram9@technorati.com,sphinn.com,6/15/2022,false,VestibulumProinEu.pdf,266.04zł,Quinu
803,fbedburyma,Ventosanzap,mgoningma@reference.com,1688.com,10/9/2022,true,EtMagnis.avi,356.85zł,Yakijo
804,hskamalmb,Zaam-Dox,lpaddenmb@hao123.com,istockphoto.com,4/1/2022,false,Id.tiff,773.80zł,Zoomcast
805,larnaudetmc,Stronghold,gfrawleymc@yellowbook.com,google.com.hk,5/21/2022,true,SagittisSapien.xls,211.01zł,Skivee
806,pmehewmd,Zontrax,mwhytemd@time.com,zdnet.com,10/15/2022,false,Eleifend.xls,939.16zł,Jabberstorm
807,gcollynsme,Viva,elugsdinme@hc360.com,google.pl,6/3/2022,true,NullamVarius.png,410.14zł,Thoughtblab
808,chansommf,Job,jkinastanmf@baidu.com,wisc.edu,10/7/2022,false,LeoPellentesque.txt,527.14zł,Youtags
809,strevnamg,Y-Solowarm,nroganmg@sourceforge.net,sciencedaily.com,2/21/2022,true,Aliquet.tiff,888.22zł,Brightdog
810,ztycemh,Flexidy,epedrozzimh@foxnews.com,cpanel.net,6/13/2022,false,AmetNullaQuisque.doc,241.77zł,Rhycero
811,fmacailinemi,Y-Solowarm,skyttormi@illinois.edu,cyberchimps.com,5/17/2022,false,Sed.avi,360.74zł,Dynava
812,wsearlmj,Stringtough,vravensmj@linkedin.com,themeforest.net,1/23/2022,true,Pede.mov,768.87zł,Yacero
813,amccullenmk,Voltsillam,tkemwallmk@berkeley.edu,mapquest.com,3/27/2022,true,MassaId.mp3,298.35zł,Dazzlesphere
814,pstuckowml,Y-Solowarm,mbarehamml@freewebs.com,jiathis.com,12/3/2021,false,VivamusVestibulumSagittis.xls,828.29zł,Bluezoom
815,cleiskmm,Gembucket,balldredmm@wix.com,wordpress.com,2/25/2022,false,In.ppt,679.50zł,Brainbox
816,vhaymn,Zamit,lsailemn@webeden.co.uk,vimeo.com,9/14/2022,true,Ut.avi,302.48zł,Browsecat
817,laxonmo,Transcof,dreynoldmo@economist.com,blogtalkradio.com,8/4/2022,true,MaurisNon.png,574.51zł,Kwimbee
818,gpummellmp,Fintone,sscroxtonmp@123-reg.co.uk,imageshack.us,6/26/2022,true,In.ppt,434.09zł,Thoughtsphere
819,pbeevormq,Greenlam,lcorbenmq@chronoengine.com,cornell.edu,6/13/2022,true,CongueEtiam.mpeg,239.43zł,Dabvine
820,mnoltemr,Pannier,izottolimr@aol.com,forbes.com,8/10/2022,false,A.avi,508.21zł,Dabjam
821,wyardms,Y-Solowarm,tscurrms@google.nl,newyorker.com,2/3/2022,false,Donec.tiff,747.36zł,Babbleset
822,hbradneckmt,Lotstring,wjendrysmt@purevolume.com,google.com.hk,11/19/2021,true,Praesent.avi,093.27zł,Tagpad
823,rmicheumu,Y-Solowarm,lyakubovichmu@goo.ne.jp,mediafire.com,4/6/2022,true,SedMagnaAt.jpeg,480.48zł,Quinu
824,kpardoemv,Konklux,dcreammv@ebay.com,google.it,6/17/2022,false,TortorQuis.mpeg,115.37zł,Livetube
825,amoubraymw,Cardguard,jjoycemw@360.cn,mayoclinic.com,1/8/2022,true,AugueAliquam.jpeg,394.62zł,Avamba
826,bnewvillmx,Ronstring,bstranieromx@mozilla.org,blogger.com,1/31/2022,true,MagnisDis.mp3,938.43zł,Skidoo
827,dwadforthmy,Tampflex,ssegotmy@devhub.com,free.fr,12/13/2021,false,RhoncusAliquam.avi,132.70zł,Jetwire
828,afreshwatermz,Vagram,abrandelmz@ameblo.jp,wsj.com,4/19/2022,false,NuncRhoncus.mpeg,913.46zł,Yambee
829,nmckilroen0,Span,jthurleyn0@mozilla.org,fastcompany.com,11/8/2022,false,IdTurpisInteger.ppt,683.89zł,Meeveo
830,aferrillion1,Redhold,ljewisn1@slideshare.net,forbes.com,6/8/2022,true,MaurisEnimLeo.tiff,546.66zł,Kanoodle
831,respn2,Mat Lam Tam,acurzeyn2@ibm.com,cbsnews.com,10/13/2022,true,CuraeMaurisViverra.mp3,896.90zł,Voomm
832,vtomasiann3,Zaam-Dox,bdurhamn3@ucoz.ru,telegraph.co.uk,11/27/2021,false,UtAt.ppt,080.63zł,Browsebug
833,tbrabann4,Lotlux,jgraithn4@washington.edu,scribd.com,9/10/2022,true,Tempor.ppt,001.04zł,Fiveclub
834,rbrannann5,Transcof,lpratin5@ucoz.com,china.com.cn,7/29/2022,true,Dui.mp3,607.64zł,Yoveo
835,mrolyn6,Fintone,ualpn6@myspace.com,bloglovin.com,5/22/2022,true,NisiNamUltrices.gif,641.62zł,Oyope
836,plangdridgen7,Redhold,bmulfordn7@boston.com,digg.com,3/17/2022,false,EtEros.ppt,467.95zł,Quimba
837,sbothien8,Cardify,dstarten8@qq.com,theatlantic.com,1/15/2022,true,ConvallisEget.gif,052.84zł,Rhyloo
838,acoultassn9,Daltfresh,edebenedittin9@symantec.com,ft.com,11/3/2022,false,CongueElementumIn.txt,565.29zł,Eare
839,bedenna,Fix San,pglantzna@earthlink.net,netlog.com,10/24/2022,true,RutrumNullaTellus.mp3,955.16zł,Quatz
840,lbingallnb,Regrant,gcaleynb@ft.com,cam.ac.uk,6/5/2022,false,EuOrci.mp3,112.83zł,Twitterbeat
841,apoulneync,Y-find,nhowbrooknc@taobao.com,tamu.edu,2/20/2022,true,Penatibus.gif,942.28zł,Eabox
842,bnorcocknd,Matsoft,ctymnd@columbia.edu,hugedomains.com,12/18/2021,false,DuiVelSem.ppt,639.03zł,Skynoodle
843,ksnoddonne,Redhold,cscurmanne@netvibes.com,last.fm,5/26/2022,false,MolestieNibhIn.txt,341.04zł,Gevee
844,kohogannf,Keylex,phessaynf@parallels.com,ucsd.edu,10/24/2022,true,At.ppt,125.22zł,Skimia
845,ptueng,Konklux,rgregoryng@360.cn,springer.com,6/25/2022,false,InCongueEtiam.ppt,934.56zł,Dynava
846,trenadnh,Regrant,rwickliffenh@google.it,linkedin.com,6/8/2022,true,Amet.ppt,953.30zł,Babbleblab
847,epitrassoni,Transcof,tcordovani@cam.ac.uk,vimeo.com,10/28/2022,true,AmetNullaQuisque.png,649.19zł,Rhycero
848,dandratnj,Quo Lux,cmundellnj@ca.gov,last.fm,9/21/2022,false,Quis.png,286.58zł,Rhynyx
849,poakshottnk,Greenlam,wbowartnk@unc.edu,cdbaby.com,11/26/2021,true,NequeAeneanAuctor.gif,688.63zł,Linklinks
850,jkrzysztofiaknl,Rank,cessamnl@lycos.com,aboutads.info,4/21/2022,false,Vestibulum.doc,419.69zł,Twitterwire
851,washleynm,Lotlux,rweddeburnnm@dion.ne.jp,unblog.fr,1/26/2022,false,NislDuis.avi,823.96zł,Eidel
852,anehlsnn,Voltsillam,lcasadonn@over-blog.com,patch.com,11/27/2021,false,TemporConvallisNulla.doc,868.28zł,Lajo
853,crountreeno,Sonair,elancashireno@unicef.org,oakley.com,3/19/2022,false,NullaSed.mp3,484.22zł,Jabberstorm
854,cbiernackinp,Zathin,rseckernp@mayoclinic.com,psu.edu,12/8/2021,true,AdipiscingLorem.avi,870.58zł,Buzzdog
855,chofernq,Andalax,gbolsteridgenq@narod.ru,hp.com,3/23/2022,false,Luctus.pdf,271.83zł,Browsedrive
856,jwendennr,Zontrax,jdaddnr@marriott.com,goo.ne.jp,10/27/2022,true,IdOrnareImperdiet.avi,283.80zł,Jetwire
857,svassiens,Andalax,abatecokns@nymag.com,wordpress.org,7/8/2022,true,Nulla.mp3,318.80zł,Skinder
858,gmullynt,Bytecard,gjahnelnt@i2i.jp,purevolume.com,3/24/2022,false,VelLectus.png,767.68zł,Voomm
859,sdisleenu,Treeflex,emagginu@yandex.ru,cbc.ca,6/4/2022,false,Cursus.doc,891.24zł,Quaxo
860,zbowlingnv,Ronstring,emeechnv@apache.org,mozilla.com,4/27/2022,false,PosuereFelisSed.xls,903.25zł,Centidel
861,ipaddienw,Daltfresh,spennellnw@tripod.com,gnu.org,8/25/2022,true,PenatibusEtMagnis.ppt,321.75zł,Jetwire
862,eohederscollnx,Keylex,bmccloughennx@epa.gov,canalblog.com,6/27/2022,false,VenenatisNonSodales.mov,832.16zł,Linklinks
863,nfancyny,Otcom,fconnerryny@dagondesign.com,amazon.co.uk,3/12/2022,true,RisusPraesent.xls,184.73zł,Divape
864,rpinchinnz,Tresom,lmcilwraithnz@jiathis.com,theatlantic.com,5/14/2022,false,Elit.png,795.56zł,Voonyx
865,bstrelitzero0,Sonsing,chaslucko0@latimes.com,wp.com,8/25/2022,false,HabitassePlatea.ppt,388.76zł,Kwimbee
866,dhendonsono1,Alpha,fgrushino1@unblog.fr,businesswire.com,4/7/2022,false,Leo.tiff,246.31zł,Eidel
867,spittamo2,Duobam,mwoolfendeno2@123-reg.co.uk,shinystat.com,5/7/2022,true,Integer.gif,488.57zł,Janyx
868,lfustero3,Duobam,lhenriono3@harvard.edu,princeton.edu,6/1/2022,false,AnteVel.doc,392.01zł,Browsedrive
869,mlabbeo4,Zontrax,adamettio4@technorati.com,nbcnews.com,6/8/2022,true,SapienVariusUt.mp3,566.90zł,Oloo
870,kfrifto5,Asoka,granyardo5@myspace.com,ifeng.com,3/3/2022,true,AtDiam.avi,105.24zł,Kare
871,dbaudinoto6,Pannier,blechelleo6@apache.org,desdev.cn,12/12/2021,true,Semper.mp3,579.09zł,Youfeed
872,spitkinso7,Treeflex,tkaasmano7@go.com,nhs.uk,11/8/2022,true,SollicitudinVitae.mov,865.92zł,Eidel
873,einnmano8,Bitchip,lgregorattio8@discovery.com,mozilla.com,5/6/2022,false,EgetSemperRutrum.ppt,858.21zł,Riffpath
874,vgoodridgeo9,Alpha,bsplevinso9@hexun.com,slate.com,6/29/2022,false,Elit.mp3,974.10zł,Yacero
875,eedessoa,Lotstring,kkeachoa@statcounter.com,thetimes.co.uk,1/24/2022,false,Pharetra.avi,613.98zł,Edgeblab
876,gjancsoob,Ronstring,hmeakesob@godaddy.com,storify.com,6/6/2022,false,RhoncusMaurisEnim.mp3,942.37zł,Jetwire
877,tpeekeoc,Daltfresh,gcopplestoneoc@yolasite.com,kickstarter.com,7/11/2022,false,Blandit.ppt,068.74zł,Agivu
878,eskillingsod,Treeflex,mpulsfordod@soundcloud.com,sciencedaily.com,12/29/2021,false,Cum.mp3,638.77zł,Thoughtsphere
879,nruddleoe,Tresom,etessingtonoe@symantec.com,wikia.com,9/10/2022,true,AnteIpsumPrimis.mp3,743.58zł,Jaxbean
880,gastupenasof,Duobam,hgodridgeof@imgur.com,flickr.com,10/28/2022,true,Faucibus.ppt,528.17zł,Devshare
881,akeoughog,Bytecard,fbiglinog@phoca.cz,pinterest.com,10/27/2022,false,HacHabitassePlatea.xls,073.36zł,Yata
882,wmattisoh,Span,agwalteroh@feedburner.com,ox.ac.uk,8/20/2022,true,VestibulumSagittis.doc,277.57zł,Jabberbean
883,jgoburnoi,Veribet,vosbournoi@nhs.uk,ycombinator.com,9/19/2022,true,LobortisConvallisTortor.doc,471.64zł,Gigazoom
884,bboylandoj,Prodder,kmadisonoj@ca.gov,ovh.net,1/14/2022,false,InEst.ppt,507.62zł,Feedmix
885,blobeok,Zathin,adevallok@live.com,sohu.com,12/30/2021,false,AuctorGravida.xls,915.65zł,Zoombox
886,ttreversol,Ventosanzap,cenevoldol@archive.org,i2i.jp,3/30/2022,true,UtAtDolor.ppt,458.86zł,Wordify
887,jrubinszteinom,Bitwolf,ctillyerom@cloudflare.com,stumbleupon.com,6/5/2022,true,AmetConsectetuer.tiff,559.80zł,Quire
888,tkonigon,Holdlamis,ssellon@is.gd,answers.com,10/8/2022,true,CubiliaCurae.tiff,244.34zł,Meedoo
889,kwaleworkeoo,Redhold,pwrettumoo@ow.ly,livejournal.com,1/14/2022,false,LaoreetUtRhoncus.xls,754.53zł,Plajo
890,ksanpereop,Redhold,cneissenop@studiopress.com,comcast.net,5/10/2022,true,ProinRisus.tiff,073.12zł,Lazzy
891,tcastanaresoq,Hatity,msumneroq@wikimedia.org,rakuten.co.jp,7/9/2022,true,Eleifend.jpeg,399.52zł,Riffpedia
892,mredheador,Stringtough,emathewor@wordpress.org,si.edu,4/30/2022,true,InFaucibusOrci.png,679.44zł,Avaveo
893,acrundenos,Transcof,mbottrillos@bloglines.com,yellowbook.com,5/12/2022,true,Vulputate.mov,163.58zł,Skipfire
894,bgoldsonot,Transcof,aantalffyot@whitehouse.gov,mozilla.com,4/4/2022,false,FelisSedInterdum.jpeg,399.53zł,Eadel
895,jdessantou,Cookley,ddunmoreou@rakuten.co.jp,globo.com,8/7/2022,false,ProinAt.mp3,617.38zł,Cogidoo
896,anaceyov,Stim,bdelamereov@cargocollective.com,moonfruit.com,5/7/2022,true,ViverraDapibus.avi,330.14zł,Trupe
897,rboothow,Zamit,hhepherow@soup.io,edublogs.org,6/11/2022,false,PhasellusIdSapien.xls,518.70zł,Jaxworks
898,mcampbellox,Toughjoyfax,jlevesleyox@comcast.net,ed.gov,4/23/2022,false,In.ppt,458.71zł,Twitternation
899,tpolyeoy,Latlux,pgallallyoy@wikispaces.com,sourceforge.net,2/26/2022,true,NullamPorttitor.ppt,505.92zł,Flashset
900,ericcioz,Domainer,gkyndredoz@theglobeandmail.com,springer.com,5/21/2022,true,Vestibulum.xls,556.25zł,Flipopia
